file_name,color,cut_name,freshness_index,time_hours,time_days,sample_num,mode,loading,point_index,deformation,stress_pa,curve_weight,is_curve_outlier,split,predicted_stress_pa
green1-5.xls,green,sirloin steak,1,0,0.0,5,uniaxial,compression,0,0.8182208712932227,-2295.696407598911,0.34627599499792167,False,test,-1975.625
green1-5.xls,green,sirloin steak,1,0,0.0,5,uniaxial,compression,1,0.8202457124488367,-2278.513025780472,0.34627599499792167,False,test,-1961.0312
green1-5.xls,green,sirloin steak,1,0,0.0,5,uniaxial,compression,2,0.8222705536044506,-2261.3296439620344,0.34627599499792167,False,test,-1945.0938
green1-5.xls,green,sirloin steak,1,0,0.0,5,uniaxial,compression,3,0.8242953947600645,-2244.146262143596,0.34627599499792167,False,test,-1928.0625
green1-5.xls,green,sirloin steak,1,0,0.0,5,uniaxial,compression,4,0.8263202359156784,-2226.9628803251576,0.34627599499792167,False,test,-1910.0547
green1-5.xls,green,sirloin steak,1,0,0.0,5,uniaxial,compression,5,0.8283450770712923,-2209.779498506719,0.34627599499792167,False,test,-1891.3594
green1-5.xls,green,sirloin steak,1,0,0.0,5,uniaxial,compression,6,0.8303699182269062,-2192.596116688281,0.34627599499792167,False,test,-1872.0547
green1-5.xls,green,sirloin steak,1,0,0.0,5,uniaxial,compression,7,0.8323947593825202,-2175.4127348698426,0.34627599499792167,False,test,-1852.3594
green1-5.xls,green,sirloin steak,1,0,0.0,5,uniaxial,compression,8,0.834419600538134,-2158.229353051405,0.34627599499792167,False,test,-1832.3438
green1-5.xls,green,sirloin steak,1,0,0.0,5,uniaxial,compression,9,0.836444441693748,-2141.045971232966,0.34627599499792167,False,test,-1812.125
green1-5.xls,green,sirloin steak,1,0,0.0,5,uniaxial,compression,10,0.8384692828493618,-2119.03978612924,0.34627599499792167,False,test,-1791.9219
green1-5.xls,green,sirloin steak,1,0,0.0,5,uniaxial,compression,11,0.8404941240049758,-2094.546792502923,0.34627599499792167,False,test,-1771.7344
green1-5.xls,green,sirloin steak,1,0,0.0,5,uniaxial,compression,12,0.8425189651605897,-2070.0537988766073,0.34627599499792167,False,test,-1751.6953
green1-5.xls,green,sirloin steak,1,0,0.0,5,uniaxial,compression,13,0.8445438063162036,-2045.56080525029,0.34627599499792167,False,test,-1731.8672
green1-5.xls,green,sirloin steak,1,0,0.0,5,uniaxial,compression,14,0.8465686474718175,-2021.0678116239744,0.34627599499792167,False,test,-1712.3672
green1-5.xls,green,sirloin steak,1,0,0.0,5,uniaxial,compression,15,0.8485934886274314,-1996.5748179976572,0.34627599499792167,False,test,-1693.1953
green1-5.xls,green,sirloin steak,1,0,0.0,5,uniaxial,compression,16,0.8506183297830454,-1972.0818243713402,0.34627599499792167,False,test,-1674.4453
green1-5.xls,green,sirloin steak,1,0,0.0,5,uniaxial,compression,17,0.8526431709386593,-1947.5888307450243,0.34627599499792167,False,test,-1656.1641
green1-5.xls,green,sirloin steak,1,0,0.0,5,uniaxial,compression,18,0.8546680120942732,-1923.0958371187073,0.34627599499792167,False,test,-1638.3984
green1-5.xls,green,sirloin steak,1,0,0.0,5,uniaxial,compression,19,0.8566928532498871,-1898.6028434923915,0.34627599499792167,False,test,-1621.1641
green1-5.xls,green,sirloin steak,1,0,0.0,5,uniaxial,compression,20,0.858717694405501,-1878.7348783208984,0.34627599499792167,False,test,-1604.4922
green1-5.xls,green,sirloin steak,1,0,0.0,5,uniaxial,compression,21,0.8607425355611149,-1862.620548492204,0.34627599499792167,False,test,-1588.3828
green1-5.xls,green,sirloin steak,1,0,0.0,5,uniaxial,compression,22,0.8627673767167289,-1846.506218663509,0.34627599499792167,False,test,-1572.875
green1-5.xls,green,sirloin steak,1,0,0.0,5,uniaxial,compression,23,0.8647922178723427,-1830.3918888348146,0.34627599499792167,False,test,-1557.9688
green1-5.xls,green,sirloin steak,1,0,0.0,5,uniaxial,compression,24,0.8668170590279567,-1814.2775590061196,0.34627599499792167,False,test,-1543.7031
green1-5.xls,green,sirloin steak,1,0,0.0,5,uniaxial,compression,25,0.8688419001835705,-1798.1632291774254,0.34627599499792167,False,test,-1529.9766
green1-5.xls,green,sirloin steak,1,0,0.0,5,uniaxial,compression,26,0.8708667413391845,-1782.0488993487302,0.34627599499792167,False,test,-1516.9062
green1-5.xls,green,sirloin steak,1,0,0.0,5,uniaxial,compression,27,0.8728915824947984,-1765.934569520036,0.34627599499792167,False,test,-1504.3906
green1-5.xls,green,sirloin steak,1,0,0.0,5,uniaxial,compression,28,0.8749164236504123,-1749.8202396913407,0.34627599499792167,False,test,-1492.4453
green1-5.xls,green,sirloin steak,1,0,0.0,5,uniaxial,compression,29,0.8769412648060262,-1733.7059098626464,0.34627599499792167,False,test,-1481.0469
green1-5.xls,green,sirloin steak,1,0,0.0,5,uniaxial,compression,30,0.8789661059616402,-1714.8500091838023,0.34627599499792167,False,test,-1470.1875
green1-5.xls,green,sirloin steak,1,0,0.0,5,uniaxial,compression,31,0.8809909471172541,-1694.9397537005152,0.34627599499792167,False,test,-1459.8203
green1-5.xls,green,sirloin steak,1,0,0.0,5,uniaxial,compression,32,0.883015788272868,-1675.0294982172293,0.34627599499792167,False,test,-1449.9062
green1-5.xls,green,sirloin steak,1,0,0.0,5,uniaxial,compression,33,0.8850406294284818,-1655.119242733943,0.34627599499792167,False,test,-1440.4375
green1-5.xls,green,sirloin steak,1,0,0.0,5,uniaxial,compression,34,0.8870654705840958,-1635.208987250656,0.34627599499792167,False,test,-1431.3906
green1-5.xls,green,sirloin steak,1,0,0.0,5,uniaxial,compression,35,0.8890903117397098,-1615.298731767369,0.34627599499792167,False,test,-1422.6797
green1-5.xls,green,sirloin steak,1,0,0.0,5,uniaxial,compression,36,0.8911151528953236,-1595.388476284083,0.34627599499792167,False,test,-1414.3125
green1-5.xls,green,sirloin steak,1,0,0.0,5,uniaxial,compression,37,0.8931399940509376,-1575.478220800796,0.34627599499792167,False,test,-1406.25
green1-5.xls,green,sirloin steak,1,0,0.0,5,uniaxial,compression,38,0.8951648352065514,-1555.56796531751,0.34627599499792167,False,test,-1398.3906
green1-5.xls,green,sirloin steak,1,0,0.0,5,uniaxial,compression,39,0.8971896763621654,-1535.657709834223,0.34627599499792167,False,test,-1390.7109
green1-5.xls,green,sirloin steak,1,0,0.0,5,uniaxial,compression,40,0.8992145175177793,-1520.7930632160362,0.34627599499792167,False,test,-1383.1953
green1-5.xls,green,sirloin steak,1,0,0.0,5,uniaxial,compression,41,0.9012393586733932,-1509.2946961629807,0.34627599499792167,False,test,-1375.7734
green1-5.xls,green,sirloin steak,1,0,0.0,5,uniaxial,compression,42,0.9032641998290071,-1497.7963291099259,0.34627599499792167,False,test,-1368.3984
green1-5.xls,green,sirloin steak,1,0,0.0,5,uniaxial,compression,43,0.905289040984621,-1486.2979620568703,0.34627599499792167,False,test,-1361.0312
green1-5.xls,green,sirloin steak,1,0,0.0,5,uniaxial,compression,44,0.9073138821402349,-1474.7995950038155,0.34627599499792167,False,test,-1353.5703
green1-5.xls,green,sirloin steak,1,0,0.0,5,uniaxial,compression,45,0.9093387232958489,-1463.3012279507598,0.34627599499792167,False,test,-1346.0156
green1-5.xls,green,sirloin steak,1,0,0.0,5,uniaxial,compression,46,0.9113635644514628,-1451.8028608977042,0.34627599499792167,False,test,-1338.2656
green1-5.xls,green,sirloin steak,1,0,0.0,5,uniaxial,compression,47,0.9133884056070767,-1440.3044938446494,0.34627599499792167,False,test,-1330.3125
green1-5.xls,green,sirloin steak,1,0,0.0,5,uniaxial,compression,48,0.9154132467626905,-1428.8061267915946,0.34627599499792167,False,test,-1322.0781
green1-5.xls,green,sirloin steak,1,0,0.0,5,uniaxial,compression,49,0.9174380879183045,-1417.307759738539,0.34627599499792167,False,test,-1313.5156
green1-5.xls,green,sirloin steak,1,0,0.0,5,uniaxial,compression,50,0.9194629290739185,-1403.194824035404,0.34627599499792167,False,test,-1304.5312
green1-5.xls,green,sirloin steak,1,0,0.0,5,uniaxial,compression,51,0.9214877702295323,-1388.3488804798749,0.34627599499792167,False,test,-1295.1328
green1-5.xls,green,sirloin steak,1,0,0.0,5,uniaxial,compression,52,0.9235126113851463,-1373.502936924345,0.34627599499792167,False,test,-1285.2266
green1-5.xls,green,sirloin steak,1,0,0.0,5,uniaxial,compression,53,0.9255374525407601,-1358.6569933688158,0.34627599499792167,False,test,-1274.7266
green1-5.xls,green,sirloin steak,1,0,0.0,5,uniaxial,compression,54,0.9275622936963741,-1343.811049813286,0.34627599499792167,False,test,-1263.6094
green1-5.xls,green,sirloin steak,1,0,0.0,5,uniaxial,compression,55,0.929587134851988,-1328.9651062577568,0.34627599499792167,False,test,-1251.8047
green1-5.xls,green,sirloin steak,1,0,0.0,5,uniaxial,compression,56,0.9316119760076019,-1314.1191627022267,0.34627599499792167,False,test,-1239.25
green1-5.xls,green,sirloin steak,1,0,0.0,5,uniaxial,compression,57,0.9336368171632158,-1299.2732191466978,0.34627599499792167,False,test,-1225.9375
green1-5.xls,green,sirloin steak,1,0,0.0,5,uniaxial,compression,58,0.9356616583188297,-1284.4272755911677,0.34627599499792167,False,test,-1211.7188
green1-5.xls,green,sirloin steak,1,0,0.0,5,uniaxial,compression,59,0.9376864994744436,-1269.5813320356385,0.34627599499792167,False,test,-1196.625
green1-5.xls,green,sirloin steak,1,0,0.0,5,uniaxial,compression,60,0.9397113406300576,-1260.3232133517824,0.34627599499792167,False,test,-1180.5312
green1-5.xls,green,sirloin steak,1,0,0.0,5,uniaxial,compression,61,0.9417361817856714,-1252.175625453983,0.34627599499792167,False,test,-1163.4297
green1-5.xls,green,sirloin steak,1,0,0.0,5,uniaxial,compression,62,0.9437610229412854,-1244.0280375561833,0.34627599499792167,False,test,-1145.2422
green1-5.xls,green,sirloin steak,1,0,0.0,5,uniaxial,compression,63,0.9457858640968992,-1235.880449658384,0.34627599499792167,False,test,-1125.9141
green1-5.xls,green,sirloin steak,1,0,0.0,5,uniaxial,compression,64,0.9478107052525132,-1227.7328617605842,0.34627599499792167,False,test,-1105.3828
green1-5.xls,green,sirloin steak,1,0,0.0,5,uniaxial,compression,65,0.9498355464081272,-1219.5852738627843,0.34627599499792167,False,test,-1083.5859
green1-5.xls,green,sirloin steak,1,0,0.0,5,uniaxial,compression,66,0.951860387563741,-1211.4376859649851,0.34627599499792167,False,test,-1060.5078
green1-5.xls,green,sirloin steak,1,0,0.0,5,uniaxial,compression,67,0.9538852287193549,-1203.2900980671857,0.34627599499792167,False,test,-1036.0625
green1-5.xls,green,sirloin steak,1,0,0.0,5,uniaxial,compression,68,0.9559100698749688,-1195.142510169386,0.34627599499792167,False,test,-1010.1953
green1-5.xls,green,sirloin steak,1,0,0.0,5,uniaxial,compression,69,0.9579349110305828,-1186.7045055353865,0.34627599499792167,False,test,-982.8594
green1-5.xls,green,sirloin steak,1,0,0.0,5,uniaxial,compression,70,0.9599597521861967,-1167.5553327564928,0.34627599499792167,False,test,-954.02344
green1-5.xls,green,sirloin steak,1,0,0.0,5,uniaxial,compression,71,0.9619845933418106,-1148.4061599775982,0.34627599499792167,False,test,-923.6094
green1-5.xls,green,sirloin steak,1,0,0.0,5,uniaxial,compression,72,0.9640094344974245,-1129.2569871987046,0.34627599499792167,False,test,-891.5547
green1-5.xls,green,sirloin steak,1,0,0.0,5,uniaxial,compression,73,0.9660342756530385,-1110.10781441981,0.34627599499792167,False,test,-857.85156
green1-5.xls,green,sirloin steak,1,0,0.0,5,uniaxial,compression,74,0.9680591168086523,-1090.9586416409163,0.34627599499792167,False,test,-822.4219
green1-5.xls,green,sirloin steak,1,0,0.0,5,uniaxial,compression,75,0.9700839579642663,-1071.8094688620215,0.34627599499792167,False,test,-785.21094
green1-5.xls,green,sirloin steak,1,0,0.0,5,uniaxial,compression,76,0.9721087991198802,-1052.660296083127,0.34627599499792167,False,test,-746.1953
green1-5.xls,green,sirloin steak,1,0,0.0,5,uniaxial,compression,77,0.9741336402754941,-1033.5111233042333,0.34627599499792167,False,test,-705.3125
green1-5.xls,green,sirloin steak,1,0,0.0,5,uniaxial,compression,78,0.976158481431108,-1014.3619505253396,0.34627599499792167,False,test,-662.5078
green1-5.xls,green,sirloin steak,1,0,0.0,5,uniaxial,compression,79,0.9781833225867219,-995.2127777464449,0.34627599499792167,False,test,-617.7656
green1-2.xls,green,sirloin steak,1,0,0.0,2,uniaxial,compression,0,0.8182208712932227,-1683.9437781998643,1.0,False,train,-1975.625
green1-2.xls,green,sirloin steak,1,0,0.0,2,uniaxial,compression,1,0.8202457124488367,-1665.6676277665651,1.0,False,train,-1961.0312
green1-2.xls,green,sirloin steak,1,0,0.0,2,uniaxial,compression,2,0.8222705536044506,-1647.391477333267,1.0,False,train,-1945.0938
green1-2.xls,green,sirloin steak,1,0,0.0,2,uniaxial,compression,3,0.8242953947600645,-1629.1153268999678,1.0,False,train,-1928.0625
green1-2.xls,green,sirloin steak,1,0,0.0,2,uniaxial,compression,4,0.8263202359156784,-1610.8391764666696,1.0,False,train,-1910.0547
green1-2.xls,green,sirloin steak,1,0,0.0,2,uniaxial,compression,5,0.8283450770712923,-1592.5630260333705,1.0,False,train,-1891.3594
green1-2.xls,green,sirloin steak,1,0,0.0,2,uniaxial,compression,6,0.8303699182269062,-1574.2868756000726,1.0,False,train,-1872.0547
green1-2.xls,green,sirloin steak,1,0,0.0,2,uniaxial,compression,7,0.8323947593825202,-1556.0107251667732,1.0,False,train,-1852.3594
green1-2.xls,green,sirloin steak,1,0,0.0,2,uniaxial,compression,8,0.834419600538134,-1537.7345747334753,1.0,False,train,-1832.3438
green1-2.xls,green,sirloin steak,1,0,0.0,2,uniaxial,compression,9,0.836444441693748,-1519.4584243001761,1.0,False,train,-1812.125
green1-2.xls,green,sirloin steak,1,0,0.0,2,uniaxial,compression,10,0.8384692828493618,-1503.2664723002406,1.0,False,train,-1791.9219
green1-2.xls,green,sirloin steak,1,0,0.0,2,uniaxial,compression,11,0.8404941240049758,-1492.5514959153952,1.0,False,train,-1771.7344
green1-2.xls,green,sirloin steak,1,0,0.0,2,uniaxial,compression,12,0.8425189651605897,-1481.8365195305507,1.0,False,train,-1751.6953
green1-2.xls,green,sirloin steak,1,0,0.0,2,uniaxial,compression,13,0.8445438063162036,-1471.1215431457053,1.0,False,train,-1731.8672
green1-2.xls,green,sirloin steak,1,0,0.0,2,uniaxial,compression,14,0.8465686474718175,-1460.4065667608609,1.0,False,train,-1712.3672
green1-2.xls,green,sirloin steak,1,0,0.0,2,uniaxial,compression,15,0.8485934886274314,-1449.6915903760155,1.0,False,train,-1693.1953
green1-2.xls,green,sirloin steak,1,0,0.0,2,uniaxial,compression,16,0.8506183297830454,-1438.9766139911703,1.0,False,train,-1674.4453
green1-2.xls,green,sirloin steak,1,0,0.0,2,uniaxial,compression,17,0.8526431709386593,-1428.2616376063256,1.0,False,train,-1656.1641
green1-2.xls,green,sirloin steak,1,0,0.0,2,uniaxial,compression,18,0.8546680120942732,-1417.5466612214805,1.0,False,train,-1638.3984
green1-2.xls,green,sirloin steak,1,0,0.0,2,uniaxial,compression,19,0.8566928532498871,-1406.8316848366358,1.0,False,train,-1621.1641
green1-2.xls,green,sirloin steak,1,0,0.0,2,uniaxial,compression,20,0.858717694405501,-1395.6858439181813,1.0,False,train,-1604.4922
green1-2.xls,green,sirloin steak,1,0,0.0,2,uniaxial,compression,21,0.8607425355611149,-1383.6605293908585,1.0,False,train,-1588.3828
green1-2.xls,green,sirloin steak,1,0,0.0,2,uniaxial,compression,22,0.8627673767167289,-1371.635214863535,1.0,False,train,-1572.875
green1-2.xls,green,sirloin steak,1,0,0.0,2,uniaxial,compression,23,0.8647922178723427,-1359.6099003362124,1.0,False,train,-1557.9688
green1-2.xls,green,sirloin steak,1,0,0.0,2,uniaxial,compression,24,0.8668170590279567,-1347.584585808889,1.0,False,train,-1543.7031
green1-2.xls,green,sirloin steak,1,0,0.0,2,uniaxial,compression,25,0.8688419001835705,-1335.5592712815662,1.0,False,train,-1529.9766
green1-2.xls,green,sirloin steak,1,0,0.0,2,uniaxial,compression,26,0.8708667413391845,-1323.5339567542428,1.0,False,train,-1516.9062
green1-2.xls,green,sirloin steak,1,0,0.0,2,uniaxial,compression,27,0.8728915824947984,-1311.50864222692,1.0,False,train,-1504.3906
green1-2.xls,green,sirloin steak,1,0,0.0,2,uniaxial,compression,28,0.8749164236504123,-1299.4833276995967,1.0,False,train,-1492.4453
green1-2.xls,green,sirloin steak,1,0,0.0,2,uniaxial,compression,29,0.8769412648060262,-1287.458013172274,1.0,False,train,-1481.0469
green1-2.xls,green,sirloin steak,1,0,0.0,2,uniaxial,compression,30,0.8789661059616402,-1278.2738344398967,1.0,False,train,-1470.1875
green1-2.xls,green,sirloin steak,1,0,0.0,2,uniaxial,compression,31,0.8809909471172541,-1271.779341477744,1.0,False,train,-1459.8203
green1-2.xls,green,sirloin steak,1,0,0.0,2,uniaxial,compression,32,0.883015788272868,-1265.2848485155919,1.0,False,train,-1449.9062
green1-2.xls,green,sirloin steak,1,0,0.0,2,uniaxial,compression,33,0.8850406294284818,-1258.7903555534397,1.0,False,train,-1440.4375
green1-2.xls,green,sirloin steak,1,0,0.0,2,uniaxial,compression,34,0.8870654705840958,-1252.295862591287,1.0,False,train,-1431.3906
green1-2.xls,green,sirloin steak,1,0,0.0,2,uniaxial,compression,35,0.8890903117397098,-1245.8013696291343,1.0,False,train,-1422.6797
green1-2.xls,green,sirloin steak,1,0,0.0,2,uniaxial,compression,36,0.8911151528953236,-1239.3068766669821,1.0,False,train,-1414.3125
green1-2.xls,green,sirloin steak,1,0,0.0,2,uniaxial,compression,37,0.8931399940509376,-1232.8123837048295,1.0,False,train,-1406.25
green1-2.xls,green,sirloin steak,1,0,0.0,2,uniaxial,compression,38,0.8951648352065514,-1226.3178907426773,1.0,False,train,-1398.3906
green1-2.xls,green,sirloin steak,1,0,0.0,2,uniaxial,compression,39,0.8971896763621654,-1219.8233977805246,1.0,False,train,-1390.7109
green1-2.xls,green,sirloin steak,1,0,0.0,2,uniaxial,compression,40,0.8992145175177793,-1212.1881248727484,1.0,False,train,-1383.1953
green1-2.xls,green,sirloin steak,1,0,0.0,2,uniaxial,compression,41,0.9012393586733932,-1202.7780436312644,1.0,False,train,-1375.7734
green1-2.xls,green,sirloin steak,1,0,0.0,2,uniaxial,compression,42,0.9032641998290071,-1193.3679623897806,1.0,False,train,-1368.3984
green1-2.xls,green,sirloin steak,1,0,0.0,2,uniaxial,compression,43,0.905289040984621,-1183.9578811482966,1.0,False,train,-1361.0312
green1-2.xls,green,sirloin steak,1,0,0.0,2,uniaxial,compression,44,0.9073138821402349,-1174.547799906813,1.0,False,train,-1353.5703
green1-2.xls,green,sirloin steak,1,0,0.0,2,uniaxial,compression,45,0.9093387232958489,-1165.137718665329,1.0,False,train,-1346.0156
green1-2.xls,green,sirloin steak,1,0,0.0,2,uniaxial,compression,46,0.9113635644514628,-1155.7276374238447,1.0,False,train,-1338.2656
green1-2.xls,green,sirloin steak,1,0,0.0,2,uniaxial,compression,47,0.9133884056070767,-1146.3175561823612,1.0,False,train,-1330.3125
green1-2.xls,green,sirloin steak,1,0,0.0,2,uniaxial,compression,48,0.9154132467626905,-1136.9074749408776,1.0,False,train,-1322.0781
green1-2.xls,green,sirloin steak,1,0,0.0,2,uniaxial,compression,49,0.9174380879183045,-1127.4973936993936,1.0,False,train,-1313.5156
green1-2.xls,green,sirloin steak,1,0,0.0,2,uniaxial,compression,50,0.9194629290739185,-1118.8433938795959,1.0,False,train,-1304.5312
green1-2.xls,green,sirloin steak,1,0,0.0,2,uniaxial,compression,51,0.9214877702295323,-1110.7625117642147,1.0,False,train,-1295.1328
green1-2.xls,green,sirloin steak,1,0,0.0,2,uniaxial,compression,52,0.9235126113851463,-1102.681629648833,1.0,False,train,-1285.2266
green1-2.xls,green,sirloin steak,1,0,0.0,2,uniaxial,compression,53,0.9255374525407601,-1094.6007475334518,1.0,False,train,-1274.7266
green1-2.xls,green,sirloin steak,1,0,0.0,2,uniaxial,compression,54,0.9275622936963741,-1086.5198654180701,1.0,False,train,-1263.6094
green1-2.xls,green,sirloin steak,1,0,0.0,2,uniaxial,compression,55,0.929587134851988,-1078.438983302689,1.0,False,train,-1251.8047
green1-2.xls,green,sirloin steak,1,0,0.0,2,uniaxial,compression,56,0.9316119760076019,-1070.3581011873073,1.0,False,train,-1239.25
green1-2.xls,green,sirloin steak,1,0,0.0,2,uniaxial,compression,57,0.9336368171632158,-1062.277219071926,1.0,False,train,-1225.9375
green1-2.xls,green,sirloin steak,1,0,0.0,2,uniaxial,compression,58,0.9356616583188297,-1054.1963369565444,1.0,False,train,-1211.7188
green1-2.xls,green,sirloin steak,1,0,0.0,2,uniaxial,compression,59,0.9376864994744436,-1046.1154548411632,1.0,False,train,-1196.625
green1-2.xls,green,sirloin steak,1,0,0.0,2,uniaxial,compression,60,0.9397113406300576,-1035.7666858631817,1.0,False,train,-1180.5312
green1-2.xls,green,sirloin steak,1,0,0.0,2,uniaxial,compression,61,0.9417361817856714,-1024.0820699021504,1.0,False,train,-1163.4297
green1-2.xls,green,sirloin steak,1,0,0.0,2,uniaxial,compression,62,0.9437610229412854,-1012.3974539411183,1.0,False,train,-1145.2422
green1-2.xls,green,sirloin steak,1,0,0.0,2,uniaxial,compression,63,0.9457858640968992,-1000.712837980087,1.0,False,train,-1125.9141
green1-2.xls,green,sirloin steak,1,0,0.0,2,uniaxial,compression,64,0.9478107052525132,-989.028222019055,1.0,False,train,-1105.3828
green1-2.xls,green,sirloin steak,1,0,0.0,2,uniaxial,compression,65,0.9498355464081272,-977.343606058023,1.0,False,train,-1083.5859
green1-2.xls,green,sirloin steak,1,0,0.0,2,uniaxial,compression,66,0.951860387563741,-965.6589900969917,1.0,False,train,-1060.5078
green1-2.xls,green,sirloin steak,1,0,0.0,2,uniaxial,compression,67,0.9538852287193549,-953.9743741359604,1.0,False,train,-1036.0625
green1-2.xls,green,sirloin steak,1,0,0.0,2,uniaxial,compression,68,0.9559100698749688,-942.2897581749285,1.0,False,train,-1010.1953
green1-2.xls,green,sirloin steak,1,0,0.0,2,uniaxial,compression,69,0.9579349110305828,-930.6051422138964,1.0,False,train,-982.8594
green1-2.xls,green,sirloin steak,1,0,0.0,2,uniaxial,compression,70,0.9599597521861967,-917.4309814099472,1.0,False,train,-954.02344
green1-2.xls,green,sirloin steak,1,0,0.0,2,uniaxial,compression,71,0.9619845933418106,-903.91688024626,1.0,False,train,-923.6094
green1-2.xls,green,sirloin steak,1,0,0.0,2,uniaxial,compression,72,0.9640094344974245,-890.4027790825737,1.0,False,train,-891.5547
green1-2.xls,green,sirloin steak,1,0,0.0,2,uniaxial,compression,73,0.9660342756530385,-876.8886779188865,1.0,False,train,-857.85156
green1-2.xls,green,sirloin steak,1,0,0.0,2,uniaxial,compression,74,0.9680591168086523,-863.3745767552001,1.0,False,train,-822.4219
green1-2.xls,green,sirloin steak,1,0,0.0,2,uniaxial,compression,75,0.9700839579642663,-849.860475591513,1.0,False,train,-785.21094
green1-2.xls,green,sirloin steak,1,0,0.0,2,uniaxial,compression,76,0.9721087991198802,-836.3463744278258,1.0,False,train,-746.1953
green1-2.xls,green,sirloin steak,1,0,0.0,2,uniaxial,compression,77,0.9741336402754941,-822.8322732641395,1.0,False,train,-705.3125
green1-2.xls,green,sirloin steak,1,0,0.0,2,uniaxial,compression,78,0.976158481431108,-809.3181721004531,1.0,False,train,-662.5078
green1-2.xls,green,sirloin steak,1,0,0.0,2,uniaxial,compression,79,0.9781833225867219,-795.8040709367659,1.0,False,train,-617.7656
green1-3.xls,green,sirloin steak,1,0,0.0,3,uniaxial,compression,0,0.8182208712932227,-2409.605827676217,0.9329306324192698,False,train,-1975.625
green1-3.xls,green,sirloin steak,1,0,0.0,3,uniaxial,compression,1,0.8202457124488367,-2392.780387818348,0.9329306324192698,False,train,-1961.0312
green1-3.xls,green,sirloin steak,1,0,0.0,3,uniaxial,compression,2,0.8222705536044506,-2375.9549479604802,0.9329306324192698,False,train,-1945.0938
green1-3.xls,green,sirloin steak,1,0,0.0,3,uniaxial,compression,3,0.8242953947600645,-2359.129508102611,0.9329306324192698,False,train,-1928.0625
green1-3.xls,green,sirloin steak,1,0,0.0,3,uniaxial,compression,4,0.8263202359156784,-2342.304068244743,0.9329306324192698,False,train,-1910.0547
green1-3.xls,green,sirloin steak,1,0,0.0,3,uniaxial,compression,5,0.8283450770712923,-2325.4786283868743,0.9329306324192698,False,train,-1891.3594
green1-3.xls,green,sirloin steak,1,0,0.0,3,uniaxial,compression,6,0.8303699182269062,-2308.653188529006,0.9329306324192698,False,train,-1872.0547
green1-3.xls,green,sirloin steak,1,0,0.0,3,uniaxial,compression,7,0.8323947593825202,-2291.827748671137,0.9329306324192698,False,train,-1852.3594
green1-3.xls,green,sirloin steak,1,0,0.0,3,uniaxial,compression,8,0.834419600538134,-2275.0023088132693,0.9329306324192698,False,train,-1832.3438
green1-3.xls,green,sirloin steak,1,0,0.0,3,uniaxial,compression,9,0.836444441693748,-2258.1768689554,0.9329306324192698,False,train,-1812.125
green1-3.xls,green,sirloin steak,1,0,0.0,3,uniaxial,compression,10,0.8384692828493618,-2240.6427700604895,0.9329306324192698,False,train,-1791.9219
green1-3.xls,green,sirloin steak,1,0,0.0,3,uniaxial,compression,11,0.8404941240049758,-2222.518271761585,0.9329306324192698,False,train,-1771.7344
green1-3.xls,green,sirloin steak,1,0,0.0,3,uniaxial,compression,12,0.8425189651605897,-2204.3937734626807,0.9329306324192698,False,train,-1751.6953
green1-3.xls,green,sirloin steak,1,0,0.0,3,uniaxial,compression,13,0.8445438063162036,-2186.269275163776,0.9329306324192698,False,train,-1731.8672
green1-3.xls,green,sirloin steak,1,0,0.0,3,uniaxial,compression,14,0.8465686474718175,-2168.1447768648723,0.9329306324192698,False,train,-1712.3672
green1-3.xls,green,sirloin steak,1,0,0.0,3,uniaxial,compression,15,0.8485934886274314,-2150.0202785659676,0.9329306324192698,False,train,-1693.1953
green1-3.xls,green,sirloin steak,1,0,0.0,3,uniaxial,compression,16,0.8506183297830454,-2131.8957802670625,0.9329306324192698,False,train,-1674.4453
green1-3.xls,green,sirloin steak,1,0,0.0,3,uniaxial,compression,17,0.8526431709386593,-2113.7712819681587,0.9329306324192698,False,train,-1656.1641
green1-3.xls,green,sirloin steak,1,0,0.0,3,uniaxial,compression,18,0.8546680120942732,-2095.646783669254,0.9329306324192698,False,train,-1638.3984
green1-3.xls,green,sirloin steak,1,0,0.0,3,uniaxial,compression,19,0.8566928532498871,-2077.5222853703503,0.9329306324192698,False,train,-1621.1641
green1-3.xls,green,sirloin steak,1,0,0.0,3,uniaxial,compression,20,0.858717694405501,-2063.519227337898,0.9329306324192698,False,train,-1604.4922
green1-3.xls,green,sirloin steak,1,0,0.0,3,uniaxial,compression,21,0.8607425355611149,-2051.322183012502,0.9329306324192698,False,train,-1588.3828
green1-3.xls,green,sirloin steak,1,0,0.0,3,uniaxial,compression,22,0.8627673767167289,-2039.1251386871054,0.9329306324192698,False,train,-1572.875
green1-3.xls,green,sirloin steak,1,0,0.0,3,uniaxial,compression,23,0.8647922178723427,-2026.9280943617096,0.9329306324192698,False,train,-1557.9688
green1-3.xls,green,sirloin steak,1,0,0.0,3,uniaxial,compression,24,0.8668170590279567,-2014.731050036313,0.9329306324192698,False,train,-1543.7031
green1-3.xls,green,sirloin steak,1,0,0.0,3,uniaxial,compression,25,0.8688419001835705,-2002.534005710917,0.9329306324192698,False,train,-1529.9766
green1-3.xls,green,sirloin steak,1,0,0.0,3,uniaxial,compression,26,0.8708667413391845,-1990.3369613855205,0.9329306324192698,False,train,-1516.9062
green1-3.xls,green,sirloin steak,1,0,0.0,3,uniaxial,compression,27,0.8728915824947984,-1978.1399170601246,0.9329306324192698,False,train,-1504.3906
green1-3.xls,green,sirloin steak,1,0,0.0,3,uniaxial,compression,28,0.8749164236504123,-1965.9428727347279,0.9329306324192698,False,train,-1492.4453
green1-3.xls,green,sirloin steak,1,0,0.0,3,uniaxial,compression,29,0.8769412648060262,-1953.745828409332,0.9329306324192698,False,train,-1481.0469
green1-3.xls,green,sirloin steak,1,0,0.0,3,uniaxial,compression,30,0.8789661059616402,-1940.5618197283106,0.9329306324192698,False,train,-1470.1875
green1-3.xls,green,sirloin steak,1,0,0.0,3,uniaxial,compression,31,0.8809909471172541,-1927.0593024476427,0.9329306324192698,False,train,-1459.8203
green1-3.xls,green,sirloin steak,1,0,0.0,3,uniaxial,compression,32,0.883015788272868,-1913.5567851669753,0.9329306324192698,False,train,-1449.9062
green1-3.xls,green,sirloin steak,1,0,0.0,3,uniaxial,compression,33,0.8850406294284818,-1900.054267886308,0.9329306324192698,False,train,-1440.4375
green1-3.xls,green,sirloin steak,1,0,0.0,3,uniaxial,compression,34,0.8870654705840958,-1886.5517506056399,0.9329306324192698,False,train,-1431.3906
green1-3.xls,green,sirloin steak,1,0,0.0,3,uniaxial,compression,35,0.8890903117397098,-1873.0492333249717,0.9329306324192698,False,train,-1422.6797
green1-3.xls,green,sirloin steak,1,0,0.0,3,uniaxial,compression,36,0.8911151528953236,-1859.5467160443045,0.9329306324192698,False,train,-1414.3125
green1-3.xls,green,sirloin steak,1,0,0.0,3,uniaxial,compression,37,0.8931399940509376,-1846.0441987636364,0.9329306324192698,False,train,-1406.25
green1-3.xls,green,sirloin steak,1,0,0.0,3,uniaxial,compression,38,0.8951648352065514,-1832.5416814829691,0.9329306324192698,False,train,-1398.3906
green1-3.xls,green,sirloin steak,1,0,0.0,3,uniaxial,compression,39,0.8971896763621654,-1819.039164202301,0.9329306324192698,False,train,-1390.7109
green1-3.xls,green,sirloin steak,1,0,0.0,3,uniaxial,compression,40,0.8992145175177793,-1808.89175837937,0.9329306324192698,False,train,-1383.1953
green1-3.xls,green,sirloin steak,1,0,0.0,3,uniaxial,compression,41,0.9012393586733932,-1799.8118603416458,0.9329306324192698,False,train,-1375.7734
green1-3.xls,green,sirloin steak,1,0,0.0,3,uniaxial,compression,42,0.9032641998290071,-1790.731962303922,0.9329306324192698,False,train,-1368.3984
green1-3.xls,green,sirloin steak,1,0,0.0,3,uniaxial,compression,43,0.905289040984621,-1781.6520642661978,0.9329306324192698,False,train,-1361.0312
green1-3.xls,green,sirloin steak,1,0,0.0,3,uniaxial,compression,44,0.9073138821402349,-1772.572166228474,0.9329306324192698,False,train,-1353.5703
green1-3.xls,green,sirloin steak,1,0,0.0,3,uniaxial,compression,45,0.9093387232958489,-1763.4922681907499,0.9329306324192698,False,train,-1346.0156
green1-3.xls,green,sirloin steak,1,0,0.0,3,uniaxial,compression,46,0.9113635644514628,-1754.4123701530257,0.9329306324192698,False,train,-1338.2656
green1-3.xls,green,sirloin steak,1,0,0.0,3,uniaxial,compression,47,0.9133884056070767,-1745.3324721153022,0.9329306324192698,False,train,-1330.3125
green1-3.xls,green,sirloin steak,1,0,0.0,3,uniaxial,compression,48,0.9154132467626905,-1736.2525740775784,0.9329306324192698,False,train,-1322.0781
green1-3.xls,green,sirloin steak,1,0,0.0,3,uniaxial,compression,49,0.9174380879183045,-1727.1726760398542,0.9329306324192698,False,train,-1313.5156
green1-3.xls,green,sirloin steak,1,0,0.0,3,uniaxial,compression,50,0.9194629290739185,-1714.0723027550757,0.9329306324192698,False,train,-1304.5312
green1-3.xls,green,sirloin steak,1,0,0.0,3,uniaxial,compression,51,0.9214877702295323,-1699.9482724084096,0.9329306324192698,False,train,-1295.1328
green1-3.xls,green,sirloin steak,1,0,0.0,3,uniaxial,compression,52,0.9235126113851463,-1685.8242420617428,0.9329306324192698,False,train,-1285.2266
green1-3.xls,green,sirloin steak,1,0,0.0,3,uniaxial,compression,53,0.9255374525407601,-1671.7002117150766,0.9329306324192698,False,train,-1274.7266
green1-3.xls,green,sirloin steak,1,0,0.0,3,uniaxial,compression,54,0.9275622936963741,-1657.5761813684098,0.9329306324192698,False,train,-1263.6094
green1-3.xls,green,sirloin steak,1,0,0.0,3,uniaxial,compression,55,0.929587134851988,-1643.452151021744,0.9329306324192698,False,train,-1251.8047
green1-3.xls,green,sirloin steak,1,0,0.0,3,uniaxial,compression,56,0.9316119760076019,-1629.3281206750771,0.9329306324192698,False,train,-1239.25
green1-3.xls,green,sirloin steak,1,0,0.0,3,uniaxial,compression,57,0.9336368171632158,-1615.204090328411,0.9329306324192698,False,train,-1225.9375
green1-3.xls,green,sirloin steak,1,0,0.0,3,uniaxial,compression,58,0.9356616583188297,-1601.0800599817442,0.9329306324192698,False,train,-1211.7188
green1-3.xls,green,sirloin steak,1,0,0.0,3,uniaxial,compression,59,0.9376864994744436,-1586.956029635078,0.9329306324192698,False,train,-1196.625
green1-3.xls,green,sirloin steak,1,0,0.0,3,uniaxial,compression,60,0.9397113406300576,-1567.5206390923195,0.9329306324192698,False,train,-1180.5312
green1-3.xls,green,sirloin steak,1,0,0.0,3,uniaxial,compression,61,0.9417361817856714,-1547.9160558020694,0.9329306324192698,False,train,-1163.4297
green1-3.xls,green,sirloin steak,1,0,0.0,3,uniaxial,compression,62,0.9437610229412854,-1528.3114725118187,0.9329306324192698,False,train,-1145.2422
green1-3.xls,green,sirloin steak,1,0,0.0,3,uniaxial,compression,63,0.9457858640968992,-1508.7068892215686,0.9329306324192698,False,train,-1125.9141
green1-3.xls,green,sirloin steak,1,0,0.0,3,uniaxial,compression,64,0.9478107052525132,-1489.102305931318,0.9329306324192698,False,train,-1105.3828
green1-3.xls,green,sirloin steak,1,0,0.0,3,uniaxial,compression,65,0.9498355464081272,-1469.497722641067,0.9329306324192698,False,train,-1083.5859
green1-3.xls,green,sirloin steak,1,0,0.0,3,uniaxial,compression,66,0.951860387563741,-1449.893139350817,0.9329306324192698,False,train,-1060.5078
green1-3.xls,green,sirloin steak,1,0,0.0,3,uniaxial,compression,67,0.9538852287193549,-1430.288556060567,0.9329306324192698,False,train,-1036.0625
green1-3.xls,green,sirloin steak,1,0,0.0,3,uniaxial,compression,68,0.9559100698749688,-1410.6839727703164,0.9329306324192698,False,train,-1010.1953
green1-3.xls,green,sirloin steak,1,0,0.0,3,uniaxial,compression,69,0.9579349110305828,-1391.0793894800654,0.9329306324192698,False,train,-982.8594
green1-3.xls,green,sirloin steak,1,0,0.0,3,uniaxial,compression,70,0.9599597521861967,-1361.8461829058433,0.9329306324192698,False,train,-954.02344
green1-3.xls,green,sirloin steak,1,0,0.0,3,uniaxial,compression,71,0.9619845933418106,-1331.0754959163044,0.9329306324192698,False,train,-923.6094
green1-3.xls,green,sirloin steak,1,0,0.0,3,uniaxial,compression,72,0.9640094344974245,-1300.3048089267672,0.9329306324192698,False,train,-891.5547
green1-3.xls,green,sirloin steak,1,0,0.0,3,uniaxial,compression,73,0.9660342756530385,-1269.5341219372283,0.9329306324192698,False,train,-857.85156
green1-3.xls,green,sirloin steak,1,0,0.0,3,uniaxial,compression,74,0.9680591168086523,-1238.7634349476912,0.9329306324192698,False,train,-822.4219
green1-3.xls,green,sirloin steak,1,0,0.0,3,uniaxial,compression,75,0.9700839579642663,-1207.9927479581522,0.9329306324192698,False,train,-785.21094
green1-3.xls,green,sirloin steak,1,0,0.0,3,uniaxial,compression,76,0.9721087991198802,-1177.2220609686133,0.9329306324192698,False,train,-746.1953
green1-3.xls,green,sirloin steak,1,0,0.0,3,uniaxial,compression,77,0.9741336402754941,-1146.4513739790762,0.9329306324192698,False,train,-705.3125
green1-3.xls,green,sirloin steak,1,0,0.0,3,uniaxial,compression,78,0.976158481431108,-1115.680686989539,0.9329306324192698,False,train,-662.5078
green1-3.xls,green,sirloin steak,1,0,0.0,3,uniaxial,compression,79,0.9781833225867219,-1084.91,0.9329306324192698,False,train,-617.7656
green1-4.xls,green,sirloin steak,1,0,0.0,4,uniaxial,compression,0,0.8182208712932227,-1656.8859321447799,0.831812107765968,False,train,-1975.625
green1-4.xls,green,sirloin steak,1,0,0.0,4,uniaxial,compression,1,0.8202457124488367,-1640.9589800604017,0.831812107765968,False,train,-1961.0312
green1-4.xls,green,sirloin steak,1,0,0.0,4,uniaxial,compression,2,0.8222705536044506,-1625.0320279760244,0.831812107765968,False,train,-1945.0938
green1-4.xls,green,sirloin steak,1,0,0.0,4,uniaxial,compression,3,0.8242953947600645,-1609.1050758916463,0.831812107765968,False,train,-1928.0625
green1-4.xls,green,sirloin steak,1,0,0.0,4,uniaxial,compression,4,0.8263202359156784,-1593.178123807269,0.831812107765968,False,train,-1910.0547
green1-4.xls,green,sirloin steak,1,0,0.0,4,uniaxial,compression,5,0.8283450770712923,-1577.2511717228908,0.831812107765968,False,train,-1891.3594
green1-4.xls,green,sirloin steak,1,0,0.0,4,uniaxial,compression,6,0.8303699182269062,-1561.3242196385136,0.831812107765968,False,train,-1872.0547
green1-4.xls,green,sirloin steak,1,0,0.0,4,uniaxial,compression,7,0.8323947593825202,-1545.3972675541352,0.831812107765968,False,train,-1852.3594
green1-4.xls,green,sirloin steak,1,0,0.0,4,uniaxial,compression,8,0.834419600538134,-1529.470315469758,0.831812107765968,False,train,-1832.3438
green1-4.xls,green,sirloin steak,1,0,0.0,4,uniaxial,compression,9,0.836444441693748,-1513.5433633853797,0.831812107765968,False,train,-1812.125
green1-4.xls,green,sirloin steak,1,0,0.0,4,uniaxial,compression,10,0.8384692828493618,-1501.4749141584819,0.831812107765968,False,train,-1791.9219
green1-4.xls,green,sirloin steak,1,0,0.0,4,uniaxial,compression,11,0.8404941240049758,-1491.7407006077672,0.831812107765968,False,train,-1771.7344
green1-4.xls,green,sirloin steak,1,0,0.0,4,uniaxial,compression,12,0.8425189651605897,-1482.006487057053,0.831812107765968,False,train,-1751.6953
green1-4.xls,green,sirloin steak,1,0,0.0,4,uniaxial,compression,13,0.8445438063162036,-1472.2722735063383,0.831812107765968,False,train,-1731.8672
green1-4.xls,green,sirloin steak,1,0,0.0,4,uniaxial,compression,14,0.8465686474718175,-1462.538059955624,0.831812107765968,False,train,-1712.3672
green1-4.xls,green,sirloin steak,1,0,0.0,4,uniaxial,compression,15,0.8485934886274314,-1452.8038464049093,0.831812107765968,False,train,-1693.1953
green1-4.xls,green,sirloin steak,1,0,0.0,4,uniaxial,compression,16,0.8506183297830454,-1443.0696328541947,0.831812107765968,False,train,-1674.4453
green1-4.xls,green,sirloin steak,1,0,0.0,4,uniaxial,compression,17,0.8526431709386593,-1433.3354193034806,0.831812107765968,False,train,-1656.1641
green1-4.xls,green,sirloin steak,1,0,0.0,4,uniaxial,compression,18,0.8546680120942732,-1423.601205752766,0.831812107765968,False,train,-1638.3984
green1-4.xls,green,sirloin steak,1,0,0.0,4,uniaxial,compression,19,0.8566928532498871,-1413.8669922020517,0.831812107765968,False,train,-1621.1641
green1-4.xls,green,sirloin steak,1,0,0.0,4,uniaxial,compression,20,0.858717694405501,-1400.2301099217689,0.831812107765968,False,train,-1604.4922
green1-4.xls,green,sirloin steak,1,0,0.0,4,uniaxial,compression,21,0.8607425355611149,-1385.3671970865155,0.831812107765968,False,train,-1588.3828
green1-4.xls,green,sirloin steak,1,0,0.0,4,uniaxial,compression,22,0.8627673767167289,-1370.5042842512612,0.831812107765968,False,train,-1572.875
green1-4.xls,green,sirloin steak,1,0,0.0,4,uniaxial,compression,23,0.8647922178723427,-1355.6413714160078,0.831812107765968,False,train,-1557.9688
green1-4.xls,green,sirloin steak,1,0,0.0,4,uniaxial,compression,24,0.8668170590279567,-1340.7784585807535,0.831812107765968,False,train,-1543.7031
green1-4.xls,green,sirloin steak,1,0,0.0,4,uniaxial,compression,25,0.8688419001835705,-1325.9155457455001,0.831812107765968,False,train,-1529.9766
green1-4.xls,green,sirloin steak,1,0,0.0,4,uniaxial,compression,26,0.8708667413391845,-1311.0526329102458,0.831812107765968,False,train,-1516.9062
green1-4.xls,green,sirloin steak,1,0,0.0,4,uniaxial,compression,27,0.8728915824947984,-1296.1897200749925,0.831812107765968,False,train,-1504.3906
green1-4.xls,green,sirloin steak,1,0,0.0,4,uniaxial,compression,28,0.8749164236504123,-1281.3268072397384,0.831812107765968,False,train,-1492.4453
green1-4.xls,green,sirloin steak,1,0,0.0,4,uniaxial,compression,29,0.8769412648060262,-1266.463894404485,0.831812107765968,False,train,-1481.0469
green1-4.xls,green,sirloin steak,1,0,0.0,4,uniaxial,compression,30,0.8789661059616402,-1254.5241678723837,0.831812107765968,False,train,-1470.1875
green1-4.xls,green,sirloin steak,1,0,0.0,4,uniaxial,compression,31,0.8809909471172541,-1244.145410324418,0.831812107765968,False,train,-1459.8203
green1-4.xls,green,sirloin steak,1,0,0.0,4,uniaxial,compression,32,0.883015788272868,-1233.7666527764532,0.831812107765968,False,train,-1449.9062
green1-4.xls,green,sirloin steak,1,0,0.0,4,uniaxial,compression,33,0.8850406294284818,-1223.387895228488,0.831812107765968,False,train,-1440.4375
green1-4.xls,green,sirloin steak,1,0,0.0,4,uniaxial,compression,34,0.8870654705840958,-1213.0091376805226,0.831812107765968,False,train,-1431.3906
green1-4.xls,green,sirloin steak,1,0,0.0,4,uniaxial,compression,35,0.8890903117397098,-1202.6303801325569,0.831812107765968,False,train,-1422.6797
green1-4.xls,green,sirloin steak,1,0,0.0,4,uniaxial,compression,36,0.8911151528953236,-1192.251622584592,0.831812107765968,False,train,-1414.3125
green1-4.xls,green,sirloin steak,1,0,0.0,4,uniaxial,compression,37,0.8931399940509376,-1181.8728650366263,0.831812107765968,False,train,-1406.25
green1-4.xls,green,sirloin steak,1,0,0.0,4,uniaxial,compression,38,0.8951648352065514,-1171.4941074886615,0.831812107765968,False,train,-1398.3906
green1-4.xls,green,sirloin steak,1,0,0.0,4,uniaxial,compression,39,0.8971896763621654,-1161.1153499406958,0.831812107765968,False,train,-1390.7109
green1-4.xls,green,sirloin steak,1,0,0.0,4,uniaxial,compression,40,0.8992145175177793,-1149.0023910530888,0.831812107765968,False,train,-1383.1953
green1-4.xls,green,sirloin steak,1,0,0.0,4,uniaxial,compression,41,0.9012393586733932,-1136.4894006918075,0.831812107765968,False,train,-1375.7734
green1-4.xls,green,sirloin steak,1,0,0.0,4,uniaxial,compression,42,0.9032641998290071,-1123.9764103305267,0.831812107765968,False,train,-1368.3984
green1-4.xls,green,sirloin steak,1,0,0.0,4,uniaxial,compression,43,0.905289040984621,-1111.4634199692455,0.831812107765968,False,train,-1361.0312
green1-4.xls,green,sirloin steak,1,0,0.0,4,uniaxial,compression,44,0.9073138821402349,-1098.950429607965,0.831812107765968,False,train,-1353.5703
green1-4.xls,green,sirloin steak,1,0,0.0,4,uniaxial,compression,45,0.9093387232958489,-1086.4374392466834,0.831812107765968,False,train,-1346.0156
green1-4.xls,green,sirloin steak,1,0,0.0,4,uniaxial,compression,46,0.9113635644514628,-1073.9244488854022,0.831812107765968,False,train,-1338.2656
green1-4.xls,green,sirloin steak,1,0,0.0,4,uniaxial,compression,47,0.9133884056070767,-1061.4114585241214,0.831812107765968,False,train,-1330.3125
green1-4.xls,green,sirloin steak,1,0,0.0,4,uniaxial,compression,48,0.9154132467626905,-1048.8984681628408,0.831812107765968,False,train,-1322.0781
green1-4.xls,green,sirloin steak,1,0,0.0,4,uniaxial,compression,49,0.9174380879183045,-1036.3854778015593,0.831812107765968,False,train,-1313.5156
green1-4.xls,green,sirloin steak,1,0,0.0,4,uniaxial,compression,50,0.9194629290739185,-1026.8970268946941,0.831812107765968,False,train,-1304.5312
green1-4.xls,green,sirloin steak,1,0,0.0,4,uniaxial,compression,51,0.9214877702295323,-1017.6987719315537,0.831812107765968,False,train,-1295.1328
green1-4.xls,green,sirloin steak,1,0,0.0,4,uniaxial,compression,52,0.9235126113851463,-1008.5005169684127,0.831812107765968,False,train,-1285.2266
green1-4.xls,green,sirloin steak,1,0,0.0,4,uniaxial,compression,53,0.9255374525407601,-999.3022620052724,0.831812107765968,False,train,-1274.7266
green1-4.xls,green,sirloin steak,1,0,0.0,4,uniaxial,compression,54,0.9275622936963741,-990.1040070421315,0.831812107765968,False,train,-1263.6094
green1-4.xls,green,sirloin steak,1,0,0.0,4,uniaxial,compression,55,0.929587134851988,-980.9057520789911,0.831812107765968,False,train,-1251.8047
green1-4.xls,green,sirloin steak,1,0,0.0,4,uniaxial,compression,56,0.9316119760076019,-971.7074971158502,0.831812107765968,False,train,-1239.25
green1-4.xls,green,sirloin steak,1,0,0.0,4,uniaxial,compression,57,0.9336368171632158,-962.5092421527098,0.831812107765968,False,train,-1225.9375
green1-4.xls,green,sirloin steak,1,0,0.0,4,uniaxial,compression,58,0.9356616583188297,-953.3109871895689,0.831812107765968,False,train,-1211.7188
green1-4.xls,green,sirloin steak,1,0,0.0,4,uniaxial,compression,59,0.9376864994744436,-944.1127322264285,0.831812107765968,False,train,-1196.625
green1-4.xls,green,sirloin steak,1,0,0.0,4,uniaxial,compression,60,0.9397113406300576,-930.2050453468003,0.831812107765968,False,train,-1180.5312
green1-4.xls,green,sirloin steak,1,0,0.0,4,uniaxial,compression,61,0.9417361817856714,-915.3066224915191,0.831812107765968,False,train,-1163.4297
green1-4.xls,green,sirloin steak,1,0,0.0,4,uniaxial,compression,62,0.9437610229412854,-900.4081996362372,0.831812107765968,False,train,-1145.2422
green1-4.xls,green,sirloin steak,1,0,0.0,4,uniaxial,compression,63,0.9457858640968992,-885.509776780956,0.831812107765968,False,train,-1125.9141
green1-4.xls,green,sirloin steak,1,0,0.0,4,uniaxial,compression,64,0.9478107052525132,-870.6113539256742,0.831812107765968,False,train,-1105.3828
green1-4.xls,green,sirloin steak,1,0,0.0,4,uniaxial,compression,65,0.9498355464081272,-855.7129310703922,0.831812107765968,False,train,-1083.5859
green1-4.xls,green,sirloin steak,1,0,0.0,4,uniaxial,compression,66,0.951860387563741,-840.8145082151111,0.831812107765968,False,train,-1060.5078
green1-4.xls,green,sirloin steak,1,0,0.0,4,uniaxial,compression,67,0.9538852287193549,-825.9160853598299,0.831812107765968,False,train,-1036.0625
green1-4.xls,green,sirloin steak,1,0,0.0,4,uniaxial,compression,68,0.9559100698749688,-811.0176625045481,0.831812107765968,False,train,-1010.1953
green1-4.xls,green,sirloin steak,1,0,0.0,4,uniaxial,compression,69,0.9579349110305828,-796.1192396492661,0.831812107765968,False,train,-982.8594
green1-4.xls,green,sirloin steak,1,0,0.0,4,uniaxial,compression,70,0.9599597521861967,-775.5434638739864,0.831812107765968,False,train,-954.02344
green1-4.xls,green,sirloin steak,1,0,0.0,4,uniaxial,compression,71,0.9619845933418106,-753.486756230284,0.831812107765968,False,train,-923.6094
green1-4.xls,green,sirloin steak,1,0,0.0,4,uniaxial,compression,72,0.9640094344974245,-731.4300485865826,0.831812107765968,False,train,-891.5547
green1-4.xls,green,sirloin steak,1,0,0.0,4,uniaxial,compression,73,0.9660342756530385,-709.3733409428801,0.831812107765968,False,train,-857.85156
green1-4.xls,green,sirloin steak,1,0,0.0,4,uniaxial,compression,74,0.9680591168086523,-687.3166332991788,0.831812107765968,False,train,-822.4219
green1-4.xls,green,sirloin steak,1,0,0.0,4,uniaxial,compression,75,0.9700839579642663,-665.2599256554762,0.831812107765968,False,train,-785.21094
green1-4.xls,green,sirloin steak,1,0,0.0,4,uniaxial,compression,76,0.9721087991198802,-643.2032180117737,0.831812107765968,False,train,-746.1953
green1-4.xls,green,sirloin steak,1,0,0.0,4,uniaxial,compression,77,0.9741336402754941,-621.1465103680724,0.831812107765968,False,train,-705.3125
green1-4.xls,green,sirloin steak,1,0,0.0,4,uniaxial,compression,78,0.976158481431108,-599.0898027243711,0.831812107765968,False,train,-662.5078
green1-4.xls,green,sirloin steak,1,0,0.0,4,uniaxial,compression,79,0.9781833225867219,-577.0330950806685,0.831812107765968,False,train,-617.7656
