color,cut_name,freshness_index,time_hours,time_days,mode,loading,point_index,deformation,stress_pa,stress_std_pa,n_used,n_total,used_samples,dropped_samples
green,sirloin tender steak,1,0,0.0,shear,shear,0,0.0008664634000000001,7.441359999999999,39.33348661553409,5,5,"1,2,3,4,5",
green,sirloin tender steak,1,0,0.0,shear,shear,1,0.0013891402000000001,12.999632,35.43401461846648,5,5,"1,2,3,4,5",
green,sirloin tender steak,1,0,0.0,shear,shear,2,0.0036446839999999996,35.789395999999996,34.61782971861153,5,5,"1,2,3,4,5",
green,sirloin tender steak,1,0,0.0,shear,shear,3,0.00364467,35.789395999999996,34.61782971861153,5,5,"1,2,3,4,5",
green,sirloin tender steak,1,0,0.0,shear,shear,4,0.0036446560000000005,35.789395999999996,34.61782971861153,5,5,"1,2,3,4,5",
green,sirloin tender steak,1,0,0.0,shear,shear,5,0.0036446560000000005,35.789395999999996,34.61782971861153,5,5,"1,2,3,4,5",
green,sirloin tender steak,1,0,0.0,shear,shear,6,0.01195228,82.03240000000001,33.32183002891648,5,5,"1,2,3,4,5",
green,sirloin tender steak,1,0,0.0,shear,shear,7,0.01195226,82.03240000000001,33.32183002891648,5,5,"1,2,3,4,5",
green,sirloin tender steak,1,0,0.0,shear,shear,8,0.01195226,82.03240000000001,33.32183002891648,5,5,"1,2,3,4,5",
green,sirloin tender steak,1,0,0.0,shear,shear,9,0.01195226,82.03240000000001,33.32183002891648,5,5,"1,2,3,4,5",
green,sirloin tender steak,1,0,0.0,shear,shear,10,0.01605595,102.41650000000001,15.355474764721539,4,5,"1,2,3,4",5
green,sirloin tender steak,1,0,0.0,shear,shear,11,0.020263859999999998,150.54240000000001,36.61458641361391,5,5,"1,2,3,4,5",
green,sirloin tender steak,1,0,0.0,shear,shear,12,0.020263859999999998,150.54240000000001,36.61458641361391,5,5,"1,2,3,4,5",
green,sirloin tender steak,1,0,0.0,shear,shear,13,0.020263839999999998,150.54240000000001,36.61458641361391,5,5,"1,2,3,4,5",
green,sirloin tender steak,1,0,0.0,shear,shear,14,0.025101659999999998,173.8032,36.47157949088578,5,5,"1,2,3,4,5",
green,sirloin tender steak,1,0,0.0,shear,shear,15,0.02859448,189.96800000000002,38.305917046848,5,5,"1,2,3,4,5",
green,sirloin tender steak,1,0,0.0,shear,shear,16,0.02859448,189.96800000000002,38.305917046848,5,5,"1,2,3,4,5",
green,sirloin tender steak,1,0,0.0,shear,shear,17,0.02859448,189.96800000000002,38.305917046848,5,5,"1,2,3,4,5",
green,sirloin tender steak,1,0,0.0,shear,shear,18,0.033418279999999995,208.5362,37.40003349410266,5,5,"1,2,3,4,5",
green,sirloin tender steak,1,0,0.0,shear,shear,19,0.035097579999999996,213.75560000000002,34.27267740110189,5,5,"1,2,3,4,5",
green,sirloin tender steak,1,0,0.0,shear,shear,20,0.03691738,221.2862,40.53466288696626,5,5,"1,2,3,4,5",
green,sirloin tender steak,1,0,0.0,shear,shear,21,0.03691734,221.2862,40.53466288696626,5,5,"1,2,3,4,5",
green,sirloin tender steak,1,0,0.0,shear,shear,22,0.04177438,237.03999999999996,39.288002489309626,5,5,"1,2,3,4,5",
green,sirloin tender steak,1,0,0.0,shear,shear,23,0.04345166,241.53379999999999,36.27516556213079,5,5,"1,2,3,4,5",
green,sirloin tender steak,1,0,0.0,shear,shear,24,0.04527734,248.12240000000003,42.790526837607395,5,5,"1,2,3,4,5",
green,sirloin tender steak,1,0,0.0,shear,shear,25,0.04527742,248.12240000000003,42.790526837607395,5,5,"1,2,3,4,5",
green,sirloin tender steak,1,0,0.0,shear,shear,26,0.050116919999999995,260.6216,41.720382096045086,5,5,"1,2,3,4,5",
green,sirloin tender steak,1,0,0.0,shear,shear,27,0.05180309999999999,264.3114,39.16101534230184,5,5,"1,2,3,4,5",
green,sirloin tender steak,1,0,0.0,shear,shear,28,0.05180309999999999,264.3114,39.16101534230184,5,5,"1,2,3,4,5",
green,sirloin tender steak,1,0,0.0,shear,shear,29,0.053618719999999995,270.1998,45.79523913858294,5,5,"1,2,3,4,5",
green,sirloin tender steak,1,0,0.0,shear,shear,30,0.056832879999999995,278.0454,48.27556340261602,5,5,"1,2,3,4,5",
green,sirloin tender steak,1,0,0.0,shear,shear,31,0.058459819999999996,281.383,43.805583886075524,5,5,"1,2,3,4,5",
green,sirloin tender steak,1,0,0.0,shear,shear,32,0.06015004,284.668,41.4019633544111,5,5,"1,2,3,4,5",
green,sirloin tender steak,1,0,0.0,shear,shear,33,0.06014996,284.668,41.4019633544111,5,5,"1,2,3,4,5",
green,sirloin tender steak,1,0,0.0,shear,shear,34,0.06519681999999999,296.88320000000004,49.99703512969544,5,5,"1,2,3,4,5",
green,sirloin tender steak,1,0,0.0,shear,shear,35,0.06682491999999998,299.45660000000004,46.51252194667582,5,5,"1,2,3,4,5",
green,sirloin tender steak,1,0,0.0,shear,shear,36,0.06849569999999999,302.3346,44.38252115686985,5,5,"1,2,3,4,5",
green,sirloin tender steak,1,0,0.0,shear,shear,37,0.06849569999999999,302.3346,44.38252115686985,5,5,"1,2,3,4,5",
green,sirloin tender steak,1,0,0.0,shear,shear,38,0.07354103999999999,313.35420000000005,52.435830587109045,5,5,"1,2,3,4,5",
green,sirloin tender steak,1,0,0.0,shear,shear,39,0.07513479999999999,315.48159999999996,49.521517236853725,5,5,"1,2,3,4,5",
green,sirloin tender steak,1,0,0.0,shear,shear,40,0.07681057999999999,317.83420000000007,47.764853377352686,5,5,"1,2,3,4,5",
green,sirloin tender steak,1,0,0.0,shear,shear,41,0.07681057999999999,317.83420000000007,47.764853377352686,5,5,"1,2,3,4,5",
green,sirloin tender steak,1,0,0.0,shear,shear,42,0.08002974,322.805,49.32038724503287,5,5,"1,2,3,4,5",
green,sirloin tender steak,1,0,0.0,shear,shear,43,0.08345820000000001,328.37480000000005,53.37112371086072,5,5,"1,2,3,4,5",
green,sirloin tender steak,1,0,0.0,shear,shear,44,0.08513528000000001,330.47020000000003,51.85912584454157,5,5,"1,2,3,4,5",
green,sirloin tender steak,1,0,0.0,shear,shear,45,0.08513528000000001,330.47020000000003,51.85912584454157,5,5,"1,2,3,4,5",
green,sirloin tender steak,1,0,0.0,shear,shear,46,0.0883704,335.4872,53.580140497762784,5,5,"1,2,3,4,5",
green,sirloin tender steak,1,0,0.0,shear,shear,47,0.09181376,340.9072,57.6116428767658,5,5,"1,2,3,4,5",
green,sirloin tender steak,1,0,0.0,shear,shear,48,0.0934911,342.7338,56.31102251033983,5,5,"1,2,3,4,5",
green,sirloin tender steak,1,0,0.0,shear,shear,49,0.09349121999999999,342.7338,56.31102251033983,5,5,"1,2,3,4,5",
green,sirloin tender steak,1,0,0.0,shear,shear,50,0.09669844,347.55379999999997,57.93458073517059,5,5,"1,2,3,4,5",
green,sirloin tender steak,1,0,0.0,shear,shear,51,0.09830966,347.9956,57.28141953059473,5,5,"1,2,3,4,5",
green,sirloin tender steak,1,0,0.0,shear,shear,52,0.10012708,351.8992,62.71441729427134,5,5,"1,2,3,4,5",
green,sirloin tender steak,1,0,0.0,shear,shear,53,0.10181148000000002,353.6276,61.52876301893285,5,5,"1,2,3,4,5",
green,sirloin tender steak,1,0,0.0,shear,shear,54,0.10502980000000002,358.207,63.023552870335706,5,5,"1,2,3,4,5",
green,sirloin tender steak,1,0,0.0,shear,shear,55,0.1066554,358.6884,62.30501144723433,5,5,"1,2,3,4,5",
green,sirloin tender steak,1,0,0.0,shear,shear,56,0.1084802,362.26380000000006,67.36061609100678,5,5,"1,2,3,4,5",
green,sirloin tender steak,1,0,0.0,shear,shear,57,0.11016059999999998,363.78060000000005,66.34506807171127,5,5,"1,2,3,4,5",
green,sirloin tender steak,1,0,0.0,shear,shear,58,0.1133824,367.76460000000003,67.57504779606154,5,5,"1,2,3,4,5",
green,sirloin tender steak,1,0,0.0,shear,shear,59,0.11499079999999999,367.87620000000004,67.4073392277132,5,5,"1,2,3,4,5",
green,sirloin tender steak,1,0,0.0,shear,shear,60,0.11499079999999999,367.87620000000004,67.4073392277132,5,5,"1,2,3,4,5",
green,sirloin tender steak,1,0,0.0,shear,shear,61,0.11847859999999999,372.7044,71.46552062806232,5,5,"1,2,3,4,5",
green,sirloin tender steak,1,0,0.0,shear,shear,62,0.12169479999999999,376.5558,72.68982864858054,5,5,"1,2,3,4,5",
green,sirloin tender steak,1,0,0.0,shear,shear,63,0.12331160000000001,376.97700000000003,72.05524327347734,5,5,"1,2,3,4,5",
green,sirloin tender steak,1,0,0.0,shear,shear,64,0.12331160000000001,376.97700000000003,72.05524327347734,5,5,"1,2,3,4,5",
green,sirloin tender steak,1,0,0.0,shear,shear,65,0.12680160000000001,381.54859999999996,75.92468684584746,5,5,"1,2,3,4,5",
green,sirloin tender steak,1,0,0.0,shear,shear,66,0.1300516,385.04359999999997,77.00326936591719,5,5,"1,2,3,4,5",
green,sirloin tender steak,1,0,0.0,shear,shear,67,0.1316694,385.44,76.40654309939693,5,5,"1,2,3,4,5",
green,sirloin tender steak,1,0,0.0,shear,shear,68,0.1316694,385.44,76.40654309939693,5,5,"1,2,3,4,5",
green,sirloin tender steak,1,0,0.0,shear,shear,69,0.1333462,386.85679999999996,75.52867761956382,5,5,"1,2,3,4,5",
green,sirloin tender steak,1,0,0.0,shear,shear,70,0.13836700000000002,392.6192,80.7644852008604,5,5,"1,2,3,4,5",
green,sirloin tender steak,1,0,0.0,shear,shear,71,0.13998340000000004,392.811,80.47549666824057,5,5,"1,2,3,4,5",
green,sirloin tender steak,1,0,0.0,shear,shear,72,0.13998340000000004,392.811,80.47549666824057,5,5,"1,2,3,4,5",
green,sirloin tender steak,1,0,0.0,shear,shear,73,0.13998340000000004,392.811,80.47549666824057,5,5,"1,2,3,4,5",
green,sirloin tender steak,1,0,0.0,shear,shear,74,0.1450808,398.779,84.56083400487486,5,5,"1,2,3,4,5",
green,sirloin tender steak,1,0,0.0,shear,shear,75,0.148331,400.1114,84.63239755223766,5,5,"1,2,3,4,5",
green,sirloin tender steak,1,0,0.0,shear,shear,76,0.148331,400.1114,84.63239755223766,5,5,"1,2,3,4,5",
green,sirloin tender steak,1,0,0.0,shear,shear,77,0.148331,400.1114,84.63239755223766,5,5,"1,2,3,4,5",
green,sirloin tender steak,1,0,0.0,shear,shear,78,0.1516096,402.7984,84.64448711782713,5,5,"1,2,3,4,5",
green,sirloin tender steak,1,0,0.0,shear,shear,79,0.15663520000000003,406.3754,88.57773950739542,5,5,"1,2,3,4,5",
green,sirloin tender steak,1,0,0.0,shear,shear,80,0.15663520000000003,406.3754,88.57773950739542,5,5,"1,2,3,4,5",
green,sirloin tender steak,1,0,0.0,shear,shear,81,0.1566354,406.3754,88.57773950739542,5,5,"1,2,3,4,5",
green,sirloin tender steak,1,0,0.0,shear,shear,82,0.1599122,409.1621999999999,88.37872294030957,5,5,"1,2,3,4,5",
green,sirloin tender steak,1,0,0.0,shear,shear,83,0.1649794,412.1906,93.77310114014574,5,5,"1,2,3,4,5",
green,sirloin tender steak,1,0,0.0,shear,shear,84,0.1649794,412.1906,93.77310114014574,5,5,"1,2,3,4,5",
green,sirloin tender steak,1,0,0.0,shear,shear,85,0.164979,412.1906,93.77310114014574,5,5,"1,2,3,4,5",
green,sirloin tender steak,1,0,0.0,shear,shear,86,0.168287,414.581,93.6941684866246,5,5,"1,2,3,4,5",
green,sirloin tender steak,1,0,0.0,shear,shear,87,0.1715012,414.03640000000007,96.45489749846816,5,5,"1,2,3,4,5",
green,sirloin tender steak,1,0,0.0,shear,shear,88,0.1733168,416.5726000000001,100.13543239952581,5,5,"1,2,3,4,5",
green,sirloin tender steak,1,0,0.0,shear,shear,89,0.1733168,416.5726000000001,100.13543239952581,5,5,"1,2,3,4,5",
green,sirloin tender steak,1,0,0.0,shear,shear,90,0.1765882,418.9674,100.25285700188302,5,5,"1,2,3,4,5",
green,sirloin tender steak,1,0,0.0,shear,shear,91,0.17982919999999997,418.767,102.56623317057132,5,5,"1,2,3,4,5",
green,sirloin tender steak,1,0,0.0,shear,shear,92,0.17982919999999997,418.767,102.56623317057132,5,5,"1,2,3,4,5",
green,sirloin tender steak,1,0,0.0,shear,shear,93,0.1816458,421.212,106.09126564802588,5,5,"1,2,3,4,5",
green,sirloin tender steak,1,0,0.0,shear,shear,94,0.183249,422.50199999999995,106.53969075795179,5,5,"1,2,3,4,5",
green,sirloin tender steak,1,0,0.0,shear,shear,95,0.18816439999999998,423.1226,107.86788640295126,5,5,"1,2,3,4,5",
green,sirloin tender steak,1,0,0.0,shear,shear,96,0.18816439999999998,423.1226,107.86788640295126,5,5,"1,2,3,4,5",
green,sirloin tender steak,1,0,0.0,shear,shear,97,0.18998,425.5702,111.40168433089332,5,5,"1,2,3,4,5",
green,sirloin tender steak,1,0,0.0,shear,shear,98,0.19157720000000003,427.2254,111.99116186306846,5,5,"1,2,3,4,5",
green,sirloin tender steak,1,0,0.0,shear,shear,99,0.1964804,428.7264,112.44260047971143,5,5,"1,2,3,4,5",
green,sirloin tender steak,1,0,0.0,uniaxial,compression,0,0.97858106,825.2368,189.95756229158138,5,5,"1,2,3,4,5",
green,sirloin tender steak,1,0,0.0,uniaxial,compression,1,0.95836872,1047.2548000000002,212.77780099380672,5,5,"1,2,3,4,5",
green,sirloin tender steak,1,0,0.0,uniaxial,compression,2,0.93826604,1204.8328,221.32542181900388,5,5,"1,2,3,4,5",
green,sirloin tender steak,1,0,0.0,uniaxial,compression,3,0.9181480799999999,1328.136,242.12341775218687,5,5,"1,2,3,4,5",
green,sirloin tender steak,1,0,0.0,uniaxial,compression,4,0.8980621999999998,1465.646,246.38026792744586,5,5,"1,2,3,4,5",
green,sirloin tender steak,1,0,0.0,uniaxial,compression,5,0.8778288,1601.732,279.4023695246696,5,5,"1,2,3,4,5",
green,sirloin tender steak,1,0,0.0,uniaxial,compression,6,0.8577543999999999,1776.002,311.63357908928873,5,5,"1,2,3,4,5",
green,sirloin tender steak,1,0,0.0,uniaxial,compression,7,0.8376518,1953.0900000000001,371.5652949348203,5,5,"1,2,3,4,5",
green,sirloin tender steak,1,0,0.0,uniaxial,compression,8,0.8175502000000001,2171.346,433.7676847622469,5,5,"1,2,3,4,5",
green,sirloin tender steak,1,0,0.0,uniaxial,tension,0,1.0251500199999999,1155.3324,257.2372005737895,5,5,"1,2,3,4,5",
green,sirloin tender steak,1,0,0.0,uniaxial,tension,1,1.0502112399999999,378.0654,91.32245352069775,5,5,"1,2,3,4,5",
green,sirloin tender steak,1,0,0.0,uniaxial,tension,2,1.07526666,95.27467999999999,39.23559995485733,5,5,"1,2,3,4,5",
green,sirloin tender steak,1,0,0.0,uniaxial,tension,3,1.1003481800000001,-52.23515999999999,40.03848988653793,5,5,"1,2,3,4,5",
green,sirloin tender steak,2,24,1.0,shear,shear,0,0.0012242274,3.6552680000000004,6.077963905264329,5,5,"1,2,3,4,5",
green,sirloin tender steak,2,24,1.0,shear,shear,1,0.0015440066,7.803644,7.918738035918602,5,5,"1,2,3,4,5",
green,sirloin tender steak,2,24,1.0,shear,shear,2,0.0019703126000000003,12.304384,13.209595596034877,5,5,"1,2,3,4,5",
green,sirloin tender steak,2,24,1.0,shear,shear,3,0.004569999999999999,30.8778,8.338619518121689,5,5,"1,2,3,4,5",
green,sirloin tender steak,2,24,1.0,shear,shear,4,0.0045699980000000005,30.8778,8.338619518121689,5,5,"1,2,3,4,5",
green,sirloin tender steak,2,24,1.0,shear,shear,5,0.004569992,30.8778,8.338619518121689,5,5,"1,2,3,4,5",
green,sirloin tender steak,2,24,1.0,shear,shear,6,0.0068684375,30.593525,2.5357060578614004,4,5,"1,2,4,5",3
green,sirloin tender steak,2,24,1.0,shear,shear,7,0.011832928000000001,51.977880000000006,17.58181502603187,5,5,"1,2,3,4,5",
green,sirloin tender steak,2,24,1.0,shear,shear,8,0.01379686,62.01682000000001,16.55288446542173,5,5,"1,2,3,4,5",
green,sirloin tender steak,2,24,1.0,shear,shear,9,0.01379684,62.01682000000001,16.55288446542173,5,5,"1,2,3,4,5",
green,sirloin tender steak,2,24,1.0,shear,shear,10,0.01379684,62.01682000000001,16.55288446542173,5,5,"1,2,3,4,5",
green,sirloin tender steak,2,24,1.0,shear,shear,11,0.01708138,73.99646,23.63571885893044,5,5,"1,2,3,4,5",
green,sirloin tender steak,2,24,1.0,shear,shear,12,0.020353999999999997,86.82339999999999,9.51596114194462,4,5,"1,2,3,4",5
green,sirloin tender steak,2,24,1.0,shear,shear,13,0.023053619999999997,103.63104000000001,19.873818166079715,5,5,"1,2,3,4,5",
green,sirloin tender steak,2,24,1.0,shear,shear,14,0.023053619999999997,103.63104000000001,19.873818166079715,5,5,"1,2,3,4,5",
green,sirloin tender steak,2,24,1.0,shear,shear,15,0.02635444,110.74377999999999,21.074290682288698,5,5,"1,2,3,4,5",
green,sirloin tender steak,2,24,1.0,shear,shear,16,0.02635444,110.74377999999999,21.074290682288698,5,5,"1,2,3,4,5",
green,sirloin tender steak,2,24,1.0,shear,shear,17,0.030350460000000003,121.06572000000001,20.021352545559957,5,5,"1,2,3,4,5",
green,sirloin tender steak,2,24,1.0,shear,shear,18,0.0323361,127.34432000000001,26.151239282481438,5,5,"1,2,3,4,5",
green,sirloin tender steak,2,24,1.0,shear,shear,19,0.03393574,131.74272000000002,28.124590280990766,5,5,"1,2,3,4,5",
green,sirloin tender steak,2,24,1.0,shear,shear,20,0.035626359999999996,133.4298,25.879509697055703,5,5,"1,2,3,4,5",
green,sirloin tender steak,2,24,1.0,shear,shear,21,0.03562633999999999,133.4298,25.879509697055703,5,5,"1,2,3,4,5",
green,sirloin tender steak,2,24,1.0,shear,shear,22,0.0396135,141.2076,25.39467408414607,5,5,"1,2,3,4,5",
green,sirloin tender steak,2,24,1.0,shear,shear,23,0.043222720000000006,149.42159999999998,32.070166913192075,5,5,"1,2,3,4,5",
green,sirloin tender steak,2,24,1.0,shear,shear,24,0.04489592,150.8672,29.94136183542759,5,5,"1,2,3,4,5",
green,sirloin tender steak,2,24,1.0,shear,shear,25,0.044896000000000005,150.8672,29.94136183542759,5,5,"1,2,3,4,5",
green,sirloin tender steak,2,24,1.0,shear,shear,26,0.044896000000000005,150.8672,29.94136183542759,5,5,"1,2,3,4,5",
green,sirloin tender steak,2,24,1.0,shear,shear,27,0.050352266666666666,184.852,2.0303641709473323,3,5,"1,2,5","3,4"
green,sirloin tender steak,2,24,1.0,shear,shear,28,0.054162840000000004,163.8332,36.02520049853991,5,5,"1,2,3,4,5",
green,sirloin tender steak,2,24,1.0,shear,shear,29,0.05416276000000001,163.8332,36.02520049853991,5,5,"1,2,3,4,5",
green,sirloin tender steak,2,24,1.0,shear,shear,30,0.05416276000000001,163.8332,36.02520049853991,5,5,"1,2,3,4,5",
green,sirloin tender steak,2,24,1.0,shear,shear,31,0.05577216,166.67360000000002,38.218415061852056,5,5,"1,2,3,4,5",
green,sirloin tender steak,2,24,1.0,shear,shear,32,0.060669175,188.45774999999998,20.664708192653002,4,5,"1,2,4,5",3
green,sirloin tender steak,2,24,1.0,shear,shear,33,0.06342948,175.41379999999998,40.31666784544576,5,5,"1,2,3,4,5",
green,sirloin tender steak,2,24,1.0,shear,shear,34,0.06342948,175.41379999999998,40.31666784544576,5,5,"1,2,3,4,5",
green,sirloin tender steak,2,24,1.0,shear,shear,35,0.0650361,178.1428,42.367100369980484,5,5,"1,2,3,4,5",
green,sirloin tender steak,2,24,1.0,shear,shear,36,0.067592075,198.573,26.679984670160515,4,5,"1,2,4,5",3
green,sirloin tender steak,2,24,1.0,shear,shear,37,0.07013852500000001,201.71775,21.36144729852123,4,5,"1,2,4,5",3
green,sirloin tender steak,2,24,1.0,shear,shear,38,0.07267082,186.6438,43.02249551757778,5,5,"1,2,3,4,5",
green,sirloin tender steak,2,24,1.0,shear,shear,39,0.07427404,189.06339999999997,44.83239330930259,5,5,"1,2,3,4,5",
green,sirloin tender steak,2,24,1.0,shear,shear,40,0.07427404,189.06339999999997,44.83239330930259,5,5,"1,2,3,4,5",
green,sirloin tender steak,2,24,1.0,shear,shear,41,0.07788926,190.99380000000002,44.81043418401567,5,5,"1,2,3,4,5",
green,sirloin tender steak,2,24,1.0,shear,shear,42,0.0819165,195.44480000000001,45.77275366590915,5,5,"1,2,3,4,5",
green,sirloin tender steak,2,24,1.0,shear,shear,43,0.08352167999999999,197.7176,47.52008392501006,5,5,"1,2,3,4,5",
green,sirloin tender steak,2,24,1.0,shear,shear,44,0.08352167999999999,197.7176,47.52008392501006,5,5,"1,2,3,4,5",
green,sirloin tender steak,2,24,1.0,shear,shear,45,0.08520649999999999,198.3204,46.47420081120277,5,5,"1,2,3,4,5",
green,sirloin tender steak,2,24,1.0,shear,shear,46,0.08651734999999999,221.02274999999997,26.043143199074493,4,5,"1,2,4,5",3
green,sirloin tender steak,2,24,1.0,shear,shear,47,0.0927867,206.02280000000002,49.63048423862093,5,5,"1,2,3,4,5",
green,sirloin tender steak,2,24,1.0,shear,shear,48,0.0927867,206.02280000000002,49.63048423862093,5,5,"1,2,3,4,5",
green,sirloin tender steak,2,24,1.0,shear,shear,49,0.09445606,206.57020000000003,48.662086623571746,5,5,"1,2,3,4,5",
green,sirloin tender steak,2,24,1.0,shear,shear,50,0.09445606,206.57020000000003,48.662086623571746,5,5,"1,2,3,4,5",
green,sirloin tender steak,2,24,1.0,shear,shear,51,0.09800702000000001,209.5674,50.748294933327564,5,5,"1,2,3,4,5",
green,sirloin tender steak,2,24,1.0,shear,shear,52,0.1020259,213.11440000000002,51.288370992262955,5,5,"1,2,3,4,5",
green,sirloin tender steak,2,24,1.0,shear,shear,53,0.1037112,214.00860000000003,49.68358901126207,5,5,"1,2,3,4,5",
green,sirloin tender steak,2,24,1.0,shear,shear,54,0.1037112,214.00860000000003,49.68358901126207,5,5,"1,2,3,4,5",
green,sirloin tender steak,2,24,1.0,shear,shear,55,0.105321,215.86620000000002,51.419847636491504,5,5,"1,2,3,4,5",
green,sirloin tender steak,2,24,1.0,shear,shear,56,0.1072708,216.9668,51.76892086725395,5,5,"1,2,3,4,5",
green,sirloin tender steak,2,24,1.0,shear,shear,57,0.10925860000000001,218.38359999999997,52.98925644543431,5,5,"1,2,3,4,5",
green,sirloin tender steak,2,24,1.0,shear,shear,58,0.1129822,220.5066,51.70294166718177,5,5,"1,2,3,4,5",
green,sirloin tender steak,2,24,1.0,shear,shear,59,0.1145804,221.94699999999997,53.05605071243053,5,5,"1,2,3,4,5",
green,sirloin tender steak,2,24,1.0,shear,shear,60,0.1145804,221.94699999999997,53.05605071243053,5,5,"1,2,3,4,5",
green,sirloin tender steak,2,24,1.0,shear,shear,61,0.11652860000000001,223.0786,53.392997325866624,5,5,"1,2,3,4,5",
green,sirloin tender steak,2,24,1.0,shear,shear,62,0.12018580000000001,224.9096,52.99901059680265,5,5,"1,2,3,4,5",
green,sirloin tender steak,2,24,1.0,shear,shear,63,0.1238262,228.0456,53.92256823483094,5,5,"1,2,3,4,5",
green,sirloin tender steak,2,24,1.0,shear,shear,64,0.1238262,228.0456,53.92256823483094,5,5,"1,2,3,4,5",
green,sirloin tender steak,2,24,1.0,shear,shear,65,0.1238262,228.0456,53.92256823483094,5,5,"1,2,3,4,5",
green,sirloin tender steak,2,24,1.0,shear,shear,66,0.12747219999999998,229.48919999999998,53.358663384309004,5,5,"1,2,3,4,5",
green,sirloin tender steak,2,24,1.0,shear,shear,67,0.1310646,231.7002,55.41648278048689,5,5,"1,2,3,4,5",
green,sirloin tender steak,2,24,1.0,shear,shear,68,0.13311399999999998,233.304,55.02236558709558,5,5,"1,2,3,4,5",
green,sirloin tender steak,2,24,1.0,shear,shear,69,0.13311399999999998,233.304,55.02236558709558,5,5,"1,2,3,4,5",
green,sirloin tender steak,2,24,1.0,shear,shear,70,0.13478779999999999,233.7062,54.291961623798414,5,5,"1,2,3,4,5",
green,sirloin tender steak,2,24,1.0,shear,shear,71,0.1383394,235.987,55.92165412431931,5,5,"1,2,3,4,5",
green,sirloin tender steak,2,24,1.0,shear,shear,72,0.1403238,237.1036,56.74952109260482,5,5,"1,2,3,4,5",
green,sirloin tender steak,2,24,1.0,shear,shear,73,0.14235099999999998,238.452,56.47645413444438,5,5,"1,2,3,4,5",
green,sirloin tender steak,2,24,1.0,shear,shear,74,0.14403539999999998,239.1904,55.13043669190368,5,5,"1,2,3,4,5",
green,sirloin tender steak,2,24,1.0,shear,shear,75,0.147579,241.3514,56.63726689592287,5,5,"1,2,3,4,5",
green,sirloin tender steak,2,24,1.0,shear,shear,76,0.147579,241.3514,56.63726689592287,5,5,"1,2,3,4,5",
green,sirloin tender steak,2,24,1.0,shear,shear,77,0.1495582,242.00279999999998,57.10751508654531,5,5,"1,2,3,4,5",
green,sirloin tender steak,2,24,1.0,shear,shear,78,0.1532736,244.1598,55.534691155709154,5,5,"1,2,3,4,5",
green,sirloin tender steak,2,24,1.0,shear,shear,79,0.15487800000000002,245.3032,56.75265628814214,5,5,"1,2,3,4,5",
green,sirloin tender steak,2,24,1.0,shear,shear,80,0.1568254,246.2956,56.962587513560166,5,5,"1,2,3,4,5",
green,sirloin tender steak,2,24,1.0,shear,shear,81,0.1568256,246.2956,56.962587513560166,5,5,"1,2,3,4,5",
green,sirloin tender steak,2,24,1.0,shear,shear,82,0.1588032,245.76680000000002,56.61798185523748,5,5,"1,2,3,4,5",
green,sirloin tender steak,2,24,1.0,shear,shear,83,0.16384525,274.1255,26.377317732286574,4,5,"1,2,4,5",3
green,sirloin tender steak,2,24,1.0,shear,shear,84,0.16384525,274.1255,26.377317732286574,4,5,"1,2,4,5",3
green,sirloin tender steak,2,24,1.0,shear,shear,85,0.16628975000000001,275.245,25.857017403405205,4,5,"1,2,4,5",3
green,sirloin tender steak,2,24,1.0,shear,shear,86,0.16628975000000001,275.245,25.857017403405205,4,5,"1,2,4,5",3
green,sirloin tender steak,2,24,1.0,shear,shear,87,0.1713416,250.8938,57.72761288118537,5,5,"1,2,3,4,5",
green,sirloin tender steak,2,24,1.0,shear,shear,88,0.17332725,278.08975000000004,26.36541813033694,4,5,"1,2,4,5",3
green,sirloin tender steak,2,24,1.0,shear,shear,89,0.17332750000000002,278.08975000000004,26.36541813033694,4,5,"1,2,4,5",3
green,sirloin tender steak,2,24,1.0,shear,shear,90,0.1757545,279.408,25.792892150745715,4,5,"1,2,4,5",3
green,sirloin tender steak,2,24,1.0,shear,shear,91,0.1786092,254.1574,58.43595737762838,5,5,"1,2,3,4,5",
green,sirloin tender steak,2,24,1.0,shear,shear,92,0.1805872,254.22480000000002,58.47002740002779,5,5,"1,2,3,4,5",
green,sirloin tender steak,2,24,1.0,shear,shear,93,0.182786,282.08425,25.994357843337838,4,5,"1,2,4,5",3
green,sirloin tender steak,2,24,1.0,shear,shear,94,0.182786,282.08425,25.994357843337838,4,5,"1,2,4,5",3
green,sirloin tender steak,2,24,1.0,shear,shear,95,0.187254,283.85025,27.395744417472955,4,5,"1,2,4,5",3
green,sirloin tender steak,2,24,1.0,shear,shear,96,0.187254,283.85025,27.395744417472955,4,5,"1,2,4,5",3
green,sirloin tender steak,2,24,1.0,shear,shear,97,0.1897405,284.62375000000003,27.430084053598897,4,5,"1,2,4,5",3
green,sirloin tender steak,2,24,1.0,shear,shear,98,0.192296,285.807,26.056784404450223,4,5,"1,2,4,5",3
green,sirloin tender steak,2,24,1.0,shear,shear,99,0.19430050000000001,286.68674999999996,27.451366235353373,4,5,"1,2,4,5",3
green,sirloin tender steak,2,24,1.0,uniaxial,compression,0,0.97817194,789.8628000000001,220.92749880755,5,5,"1,2,3,4,5",
green,sirloin tender steak,2,24,1.0,uniaxial,compression,1,0.9581040599999999,953.5384,212.67006669073103,5,5,"1,2,3,4,5",
green,sirloin tender steak,2,24,1.0,uniaxial,compression,2,0.9378924999999999,1093.4944,254.69741666031874,5,5,"1,2,3,4,5",
green,sirloin tender steak,2,24,1.0,uniaxial,compression,3,0.9177909599999999,1220.8752,253.59074128398294,5,5,"1,2,3,4,5",
green,sirloin tender steak,2,24,1.0,uniaxial,compression,4,0.8976632,1356.498,286.52883508645334,5,5,"1,2,3,4,5",
green,sirloin tender steak,2,24,1.0,uniaxial,compression,5,0.877557,1477.6060000000002,260.9106631473693,5,5,"1,2,3,4,5",
green,sirloin tender steak,2,24,1.0,uniaxial,compression,6,0.8574782000000001,1620.9279999999999,267.5963274336926,5,5,"1,2,3,4,5",
green,sirloin tender steak,2,24,1.0,uniaxial,compression,7,0.83735125,1614.155,93.9472672566903,4,5,"1,3,4,5",2
green,sirloin tender steak,2,24,1.0,uniaxial,compression,8,0.8172368000000001,1899.9599999999998,282.2329247270772,5,5,"1,2,3,4,5",
green,sirloin tender steak,2,24,1.0,uniaxial,tension,0,1.0264019,744.6510000000001,140.8062686573293,5,5,"1,2,3,4,5",
green,sirloin tender steak,2,24,1.0,uniaxial,tension,1,1.0519813500000001,224.0575,45.4202423402826,4,5,"1,2,4,5",3
green,sirloin tender steak,2,24,1.0,uniaxial,tension,2,1.07695014,14.14164,64.49168285847718,5,5,"1,2,3,4,5",
green,sirloin tender steak,2,24,1.0,uniaxial,tension,3,1.1022722000000003,-113.69986000000002,70.70007730464232,5,5,"1,2,3,4,5",
green,sirloin tender steak,3,48,2.0,shear,shear,0,0.0014389986000000001,21.881338,7.932426152708641,5,5,"1,2,3,4,5",
green,sirloin tender steak,3,48,2.0,shear,shear,1,0.0018352741999999999,26.465337999999996,12.56147880960582,5,5,"1,2,3,4,5",
green,sirloin tender steak,3,48,2.0,shear,shear,2,0.0017456882000000003,28.959238000000006,13.882295510029168,5,5,"1,2,3,4,5",
green,sirloin tender steak,3,48,2.0,shear,shear,3,0.0024155002,32.369420000000005,10.270627156780643,5,5,"1,2,3,4,5",
green,sirloin tender steak,3,48,2.0,shear,shear,4,0.0024154996,32.369420000000005,10.270627156780643,5,5,"1,2,3,4,5",
green,sirloin tender steak,3,48,2.0,shear,shear,5,0.008132394000000001,50.85324,29.772882434228634,5,5,"1,2,3,4,5",
green,sirloin tender steak,3,48,2.0,shear,shear,6,0.009827147999999999,50.1763,30.027751491245564,5,5,"1,2,3,4,5",
green,sirloin tender steak,3,48,2.0,shear,shear,7,0.011434484,53.446299999999994,28.088060624044516,5,5,"1,2,3,4,5",
green,sirloin tender steak,3,48,2.0,shear,shear,8,0.011434484,53.446299999999994,28.088060624044516,5,5,"1,2,3,4,5",
green,sirloin tender steak,3,48,2.0,shear,shear,9,0.01143448,53.446299999999994,28.088060624044516,5,5,"1,2,3,4,5",
green,sirloin tender steak,3,48,2.0,shear,shear,10,0.01872556,106.30573999999999,62.03162834153557,5,5,"1,2,3,4,5",
green,sirloin tender steak,3,48,2.0,shear,shear,11,0.0203477,91.62495,42.016057540570124,4,5,"1,2,3,4",5
green,sirloin tender steak,3,48,2.0,shear,shear,12,0.0203477,91.62495,42.016057540570124,4,5,"1,2,3,4",5
green,sirloin tender steak,3,48,2.0,shear,shear,13,0.0203477,91.62495,42.016057540570124,4,5,"1,2,3,4",5
green,sirloin tender steak,3,48,2.0,shear,shear,14,0.0208134,67.7706,8.81355391693196,3,5,"1,2,4","3,5"
green,sirloin tender steak,3,48,2.0,shear,shear,15,0.029333799999999997,82.95653333333333,8.555423746502695,3,5,"1,2,4","3,5"
green,sirloin tender steak,3,48,2.0,shear,shear,16,0.029333799999999997,82.95653333333333,8.555423746502695,3,5,"1,2,4","3,5"
green,sirloin tender steak,3,48,2.0,shear,shear,17,0.0293337,82.95653333333333,8.555423746502695,3,5,"1,2,4","3,5"
green,sirloin tender steak,3,48,2.0,shear,shear,18,0.0293337,82.95653333333333,8.555423746502695,3,5,"1,2,4","3,5"
green,sirloin tender steak,3,48,2.0,shear,shear,19,0.03787643333333333,93.92066666666666,10.348275121111838,3,5,"1,2,4","3,5"
green,sirloin tender steak,3,48,2.0,shear,shear,20,0.03787643333333333,93.92066666666666,10.348275121111838,3,5,"1,2,4","3,5"
green,sirloin tender steak,3,48,2.0,shear,shear,21,0.03787643333333333,93.92066666666666,10.348275121111838,3,5,"1,2,4","3,5"
green,sirloin tender steak,3,48,2.0,shear,shear,22,0.03787643333333333,93.92066666666666,10.348275121111838,3,5,"1,2,4","3,5"
green,sirloin tender steak,3,48,2.0,shear,shear,23,0.046453299999999996,102.1988,12.196047658155491,3,5,"1,2,4","3,5"
green,sirloin tender steak,3,48,2.0,shear,shear,24,0.046453299999999996,102.1988,12.196047658155491,3,5,"1,2,4","3,5"
green,sirloin tender steak,3,48,2.0,shear,shear,25,0.046453299999999996,102.1988,12.196047658155491,3,5,"1,2,4","3,5"
green,sirloin tender steak,3,48,2.0,shear,shear,26,0.046453299999999996,102.1988,12.196047658155491,3,5,"1,2,4","3,5"
green,sirloin tender steak,3,48,2.0,shear,shear,27,0.05199078,184.05868,95.601426537524,5,5,"1,2,3,4,5",
green,sirloin tender steak,3,48,2.0,shear,shear,28,0.05496153333333333,107.82013333333335,13.4744451030666,3,5,"1,2,4","3,5"
green,sirloin tender steak,3,48,2.0,shear,shear,29,0.05496153333333333,107.82013333333335,13.4744451030666,3,5,"1,2,4","3,5"
green,sirloin tender steak,3,48,2.0,shear,shear,30,0.05496153333333333,107.82013333333335,13.4744451030666,3,5,"1,2,4","3,5"
green,sirloin tender steak,3,48,2.0,shear,shear,31,0.0604589,111.05246666666669,15.575883167113044,3,5,"1,2,4","3,5"
green,sirloin tender steak,3,48,2.0,shear,shear,32,0.0604589,111.05246666666669,15.575883167113044,3,5,"1,2,4","3,5"
green,sirloin tender steak,3,48,2.0,shear,shear,33,0.06350203333333333,112.20333333333333,13.958915175932871,3,5,"1,2,4","3,5"
green,sirloin tender steak,3,48,2.0,shear,shear,34,0.06350203333333333,112.20333333333333,13.958915175932871,3,5,"1,2,4","3,5"
green,sirloin tender steak,3,48,2.0,shear,shear,35,0.06619023333333333,112.54066666666667,14.250550804169723,3,5,"1,2,4","3,5"
green,sirloin tender steak,3,48,2.0,shear,shear,36,0.06901596666666666,113.557,14.838887222430126,3,5,"1,2,4","3,5"
green,sirloin tender steak,3,48,2.0,shear,shear,37,0.07205513333333334,114.28686666666665,13.808515909957725,3,5,"1,2,4","3,5"
green,sirloin tender steak,3,48,2.0,shear,shear,38,0.07205513333333334,114.28686666666665,13.808515909957725,3,5,"1,2,4","3,5"
green,sirloin tender steak,3,48,2.0,shear,shear,39,0.07475093333333334,114.64620000000001,14.09554072558647,3,5,"1,2,4","3,5"
green,sirloin tender steak,3,48,2.0,shear,shear,40,0.0775667,116.35719999999999,15.26768024117177,3,5,"1,2,4","3,5"
green,sirloin tender steak,3,48,2.0,shear,shear,41,0.0775667,116.35719999999999,15.26768024117177,3,5,"1,2,4","3,5"
green,sirloin tender steak,3,48,2.0,shear,shear,42,0.08057786666666666,117.92523333333334,13.053769646180967,3,5,"1,2,4","3,5"
green,sirloin tender steak,3,48,2.0,shear,shear,43,0.08327846666666668,117.11256666666668,12.583869388052133,3,5,"1,2,4","3,5"
green,sirloin tender steak,3,48,2.0,shear,shear,44,0.08610066666666667,118.21990000000001,13.608718774618964,3,5,"1,2,4","3,5"
green,sirloin tender steak,3,48,2.0,shear,shear,45,0.08610066666666667,118.21990000000001,13.608718774618964,3,5,"1,2,4","3,5"
green,sirloin tender steak,3,48,2.0,shear,shear,46,0.08914463333333333,118.47433333333333,13.258982372548639,3,5,"1,2,4","3,5"
green,sirloin tender steak,3,48,2.0,shear,shear,47,0.09182763333333333,118.53866666666666,13.2846830681888,3,5,"1,2,4","3,5"
green,sirloin tender steak,3,48,2.0,shear,shear,48,0.09463786666666667,119.82266666666669,14.592165165671004,3,5,"1,2,4","3,5"
green,sirloin tender steak,3,48,2.0,shear,shear,49,0.09463813333333333,119.82266666666669,14.592165165671004,3,5,"1,2,4","3,5"
green,sirloin tender steak,3,48,2.0,shear,shear,50,0.09463813333333333,119.82266666666669,14.592165165671004,3,5,"1,2,4","3,5"
green,sirloin tender steak,3,48,2.0,shear,shear,51,0.1003546,121.37433333333335,13.204911821826844,3,5,"1,2,4","3,5"
green,sirloin tender steak,3,48,2.0,shear,shear,52,0.1003546,121.37433333333335,13.204911821826844,3,5,"1,2,4","3,5"
green,sirloin tender steak,3,48,2.0,shear,shear,53,0.10318033333333333,122.60166666666665,14.545283091855664,3,5,"1,2,4","3,5"
green,sirloin tender steak,3,48,2.0,shear,shear,54,0.10318033333333333,122.60166666666665,14.545283091855664,3,5,"1,2,4","3,5"
green,sirloin tender steak,3,48,2.0,shear,shear,55,0.10318033333333333,122.60166666666665,14.545283091855664,3,5,"1,2,4","3,5"
green,sirloin tender steak,3,48,2.0,shear,shear,56,0.10896099999999999,122.41866666666665,13.978245796792798,3,5,"1,2,4","3,5"
green,sirloin tender steak,3,48,2.0,shear,shear,57,0.111792,123.18400000000001,14.89683751673488,3,5,"1,2,4","3,5"
green,sirloin tender steak,3,48,2.0,shear,shear,58,0.111792,123.18400000000001,14.89683751673488,3,5,"1,2,4","3,5"
green,sirloin tender steak,3,48,2.0,shear,shear,59,0.11444866666666666,123.25933333333334,14.898725344434293,3,5,"1,2,4","3,5"
green,sirloin tender steak,3,48,2.0,shear,shear,60,0.11747233333333333,123.77999999999999,14.257754194355664,3,5,"1,2,4","3,5"
green,sirloin tender steak,3,48,2.0,shear,shear,61,0.12027733333333333,124.76933333333334,15.487537728408897,3,5,"1,2,4","3,5"
green,sirloin tender steak,3,48,2.0,shear,shear,62,0.12027733333333333,124.76933333333334,15.487537728408897,3,5,"1,2,4","3,5"
green,sirloin tender steak,3,48,2.0,shear,shear,63,0.12296333333333333,124.58533333333334,15.50232587567284,3,5,"1,2,4","3,5"
green,sirloin tender steak,3,48,2.0,shear,shear,64,0.12296333333333333,124.58533333333334,15.50232587567284,3,5,"1,2,4","3,5"
green,sirloin tender steak,3,48,2.0,shear,shear,65,0.12881233333333333,126.05233333333335,16.154500102310674,3,5,"1,2,4","3,5"
green,sirloin tender steak,3,48,2.0,shear,shear,66,0.12881233333333333,126.05233333333335,16.154500102310674,3,5,"1,2,4","3,5"
green,sirloin tender steak,3,48,2.0,shear,shear,67,0.13150766666666666,126.59400000000001,16.075353329450234,3,5,"1,2,4","3,5"
green,sirloin tender steak,3,48,2.0,shear,shear,68,0.13150766666666666,126.59400000000001,16.075353329450234,3,5,"1,2,4","3,5"
green,sirloin tender steak,3,48,2.0,shear,shear,69,0.13736833333333334,127.86366666666667,16.72812191756411,3,5,"1,2,4","3,5"
green,sirloin tender steak,3,48,2.0,shear,shear,70,0.13736833333333334,127.86366666666667,16.72812191756411,3,5,"1,2,4","3,5"
green,sirloin tender steak,3,48,2.0,shear,shear,71,0.13736866666666667,127.86366666666667,16.72812191756411,3,5,"1,2,4","3,5"
green,sirloin tender steak,3,48,2.0,shear,shear,72,0.14008333333333334,128.24633333333333,16.666243214620646,3,5,"1,2,4","3,5"
green,sirloin tender steak,3,48,2.0,shear,shear,73,0.14008333333333334,128.24633333333333,16.666243214620646,3,5,"1,2,4","3,5"
green,sirloin tender steak,3,48,2.0,shear,shear,74,0.14591666666666667,129.12033333333332,17.94129050232699,3,5,"1,2,4","3,5"
green,sirloin tender steak,3,48,2.0,shear,shear,75,0.14591666666666667,129.12033333333332,17.94129050232699,3,5,"1,2,4","3,5"
green,sirloin tender steak,3,48,2.0,shear,shear,76,0.148593,128.941,17.97495064434577,3,5,"1,2,4","3,5"
green,sirloin tender steak,3,48,2.0,shear,shear,77,0.148593,128.941,17.97495064434577,3,5,"1,2,4","3,5"
green,sirloin tender steak,3,48,2.0,shear,shear,78,0.15444266666666667,130.61133333333333,18.009298382286367,3,5,"1,2,4","3,5"
green,sirloin tender steak,3,48,2.0,shear,shear,79,0.15444233333333332,130.61133333333333,18.009298382286367,3,5,"1,2,4","3,5"
green,sirloin tender steak,3,48,2.0,shear,shear,80,0.15713000000000002,131.76399999999998,17.747042025832553,3,5,"1,2,4","3,5"
green,sirloin tender steak,3,48,2.0,shear,shear,81,0.15713000000000002,131.76399999999998,17.747042025832553,3,5,"1,2,4","3,5"
green,sirloin tender steak,3,48,2.0,shear,shear,82,0.15884225000000002,195.42075,110.74420432775479,4,5,"1,2,4,5",3
green,sirloin tender steak,3,48,2.0,shear,shear,83,0.162965,132.50433333333334,17.819067415427657,3,5,"1,2,4","3,5"
green,sirloin tender steak,3,48,2.0,shear,shear,84,0.16566899999999998,132.69366666666667,17.782201913398943,3,5,"1,2,4","3,5"
green,sirloin tender steak,3,48,2.0,shear,shear,85,0.16566899999999998,132.69366666666667,17.782201913398943,3,5,"1,2,4","3,5"
green,sirloin tender steak,3,48,2.0,shear,shear,86,0.16784875,197.31550000000001,111.98083798020981,4,5,"1,2,4,5",3
green,sirloin tender steak,3,48,2.0,shear,shear,87,0.17153699999999997,133.62833333333333,18.307168456342144,3,5,"1,2,4","3,5"
green,sirloin tender steak,3,48,2.0,shear,shear,88,0.17421966666666666,134.63733333333332,18.129812691316538,3,5,"1,2,4","3,5"
green,sirloin tender steak,3,48,2.0,shear,shear,89,0.17422033333333334,134.63733333333332,18.129812691316538,3,5,"1,2,4","3,5"
green,sirloin tender steak,3,48,2.0,shear,shear,90,0.17422033333333334,134.63733333333332,18.129812691316538,3,5,"1,2,4","3,5"
green,sirloin tender steak,3,48,2.0,shear,shear,91,0.17685449999999997,199.42775,112.29232136788114,4,5,"1,2,4,5",3
green,sirloin tender steak,3,48,2.0,shear,shear,92,0.18114249999999998,200.00099999999998,111.98540413375306,4,5,"1,2,4,5",3
green,sirloin tender steak,3,48,2.0,shear,shear,93,0.18114275,200.00099999999998,111.98540413375306,4,5,"1,2,4,5",3
green,sirloin tender steak,3,48,2.0,shear,shear,94,0.183744,201.56025,114.65706806467493,4,5,"1,2,4,5",3
green,sirloin tender steak,3,48,2.0,shear,shear,95,0.1858415,202.2725,114.4041726435273,4,5,"1,2,4,5",3
green,sirloin tender steak,3,48,2.0,shear,shear,96,0.19014675,203.193,113.73623446378028,4,5,"1,2,4,5",3
green,sirloin tender steak,3,48,2.0,shear,shear,97,0.19014675,203.193,113.73623446378028,4,5,"1,2,4,5",3
green,sirloin tender steak,3,48,2.0,shear,shear,98,0.19014675,203.193,113.73623446378028,4,5,"1,2,4,5",3
green,sirloin tender steak,3,48,2.0,shear,shear,99,0.19483875,203.778,113.75662174792288,4,5,"1,2,4,5",3
green,sirloin tender steak,3,48,2.0,uniaxial,compression,0,0.97834914,717.7902,292.8519066111061,5,5,"1,2,3,4,5",
green,sirloin tender steak,3,48,2.0,uniaxial,compression,1,0.9579634800000001,894.052,370.834889846681,5,5,"1,2,3,4,5",
green,sirloin tender steak,3,48,2.0,uniaxial,compression,2,0.9379303200000001,1006.9012,391.1035581993086,5,5,"1,2,3,4,5",
green,sirloin tender steak,3,48,2.0,uniaxial,compression,3,0.91782812,1130.8404,410.1993447077164,5,5,"1,2,3,4,5",
green,sirloin tender steak,3,48,2.0,uniaxial,compression,4,0.8977902,1255.2242,414.36110405123696,5,5,"1,2,3,4,5",
green,sirloin tender steak,3,48,2.0,uniaxial,compression,5,0.8775664000000001,1374.084,450.9628173852031,5,5,"1,2,3,4,5",
green,sirloin tender steak,3,48,2.0,uniaxial,compression,6,0.8573265,1295.797,261.2726192638639,4,5,"1,2,3,4",5
green,sirloin tender steak,3,48,2.0,uniaxial,compression,7,0.8373167499999999,1437.65175,292.3404616781391,4,5,"1,2,3,4",5
green,sirloin tender steak,3,48,2.0,uniaxial,compression,8,0.8173195,1558.38375,331.2739617253181,4,5,"1,2,3,4",5
green,sirloin tender steak,3,48,2.0,uniaxial,tension,0,1.02654456,685.7988,230.6845455572609,5,5,"1,2,3,4,5",
green,sirloin tender steak,3,48,2.0,uniaxial,tension,1,1.0517122,256.68363999999997,158.87939772430659,5,5,"1,2,3,4,5",
green,sirloin tender steak,3,48,2.0,uniaxial,tension,2,1.0768329600000002,9.517315999999997,71.4967410594093,5,5,"1,2,3,4,5",
green,sirloin tender steak,3,48,2.0,uniaxial,tension,3,1.10184275,-73.3913,28.67233018338412,4,5,"1,3,4,5",2
red,new york strip steak,1,0,0.0,shear,shear,0,-0.0004119971,24.800040000000003,18.096320982502494,5,5,"1,2,3,4,5",
red,new york strip steak,1,0,0.0,shear,shear,1,-0.0002909583,28.78286,21.866862114298886,5,5,"1,2,3,4,5",
red,new york strip steak,1,0,0.0,shear,shear,2,0.00142179944,34.762844,18.6039864685326,5,5,"1,2,3,4,5",
red,new york strip steak,1,0,0.0,shear,shear,3,0.00142179404,34.762844,18.6039864685326,5,5,"1,2,3,4,5",
red,new york strip steak,1,0,0.0,shear,shear,4,0.00142179376,34.762844,18.6039864685326,5,5,"1,2,3,4,5",
red,new york strip steak,1,0,0.0,shear,shear,5,0.006734684960000001,51.42604399999999,34.20255735461522,5,5,"1,2,3,4,5",
red,new york strip steak,1,0,0.0,shear,shear,6,0.006734678919999999,51.42604399999999,34.20255735461522,5,5,"1,2,3,4,5",
red,new york strip steak,1,0,0.0,shear,shear,7,0.011287960000000001,66.4312,33.05345380482954,5,5,"1,2,3,4,5",
red,new york strip steak,1,0,0.0,shear,shear,8,0.011287957999999999,66.4312,33.05345380482954,5,5,"1,2,3,4,5",
red,new york strip steak,1,0,0.0,shear,shear,9,0.011287957999999999,66.4312,33.05345380482954,5,5,"1,2,3,4,5",
red,new york strip steak,1,0,0.0,shear,shear,10,0.0172669,112.88322000000001,60.34311757204462,5,5,"1,2,3,4,5",
red,new york strip steak,1,0,0.0,shear,shear,11,0.0172669,112.88322000000001,60.34311757204462,5,5,"1,2,3,4,5",
red,new york strip steak,1,0,0.0,shear,shear,12,0.021237239999999998,136.46348,50.64278019028576,5,5,"1,2,3,4,5",
red,new york strip steak,1,0,0.0,shear,shear,13,0.02123722,136.46348,50.64278019028576,5,5,"1,2,3,4,5",
red,new york strip steak,1,0,0.0,shear,shear,14,0.023125619999999996,144.77988,54.87474181713842,5,5,"1,2,3,4,5",
red,new york strip steak,1,0,0.0,shear,shear,15,0.02510152,151.26939999999996,49.97105008142214,5,5,"1,2,3,4,5",
red,new york strip steak,1,0,0.0,shear,shear,16,0.02718204,163.6966,66.73693276619777,5,5,"1,2,3,4,5",
red,new york strip steak,1,0,0.0,shear,shear,17,0.03116568,176.79070000000002,65.35876649050226,5,5,"1,2,3,4,5",
red,new york strip steak,1,0,0.0,shear,shear,18,0.03116568,176.79070000000002,65.35876649050226,5,5,"1,2,3,4,5",
red,new york strip steak,1,0,0.0,shear,shear,19,0.03306726,182.6707,67.41620669512636,5,5,"1,2,3,4,5",
red,new york strip steak,1,0,0.0,shear,shear,20,0.03506668,187.2753,63.99453984958405,5,5,"1,2,3,4,5",
red,new york strip steak,1,0,0.0,shear,shear,21,0.037141820000000006,196.98289999999997,77.624220077499,5,5,"1,2,3,4,5",
red,new york strip steak,1,0,0.0,shear,shear,22,0.04111686,206.22328000000002,78.26164630157993,5,5,"1,2,3,4,5",
red,new york strip steak,1,0,0.0,shear,shear,23,0.04301416000000001,210.63628,79.39599516697048,5,5,"1,2,3,4,5",
red,new york strip steak,1,0,0.0,shear,shear,24,0.04301416000000001,210.63628,79.39599516697048,5,5,"1,2,3,4,5",
red,new york strip steak,1,0,0.0,shear,shear,25,0.044993740000000004,214.16208,76.87235213954104,5,5,"1,2,3,4,5",
red,new york strip steak,1,0,0.0,shear,shear,26,0.04708388,221.99607999999998,88.0202156667751,5,5,"1,2,3,4,5",
red,new york strip steak,1,0,0.0,shear,shear,27,0.05106276,229.05479999999997,89.17713157844895,5,5,"1,2,3,4,5",
red,new york strip steak,1,0,0.0,shear,shear,28,0.05106276,229.05479999999997,89.17713157844895,5,5,"1,2,3,4,5",
red,new york strip steak,1,0,0.0,shear,shear,29,0.05296972,232.68140000000002,89.9030744826894,5,5,"1,2,3,4,5",
red,new york strip steak,1,0,0.0,shear,shear,30,0.0549585,235.346,88.04436533248452,5,5,"1,2,3,4,5",
red,new york strip steak,1,0,0.0,shear,shear,31,0.057029059999999986,241.95839999999998,97.51369480149955,5,5,"1,2,3,4,5",
red,new york strip steak,1,0,0.0,shear,shear,32,0.06100664,247.20940000000002,98.81631846532233,5,5,"1,2,3,4,5",
red,new york strip steak,1,0,0.0,shear,shear,33,0.06289854,250.0002,99.27363839086387,5,5,"1,2,3,4,5",
red,new york strip steak,1,0,0.0,shear,shear,34,0.06289854,250.0002,99.27363839086387,5,5,"1,2,3,4,5",
red,new york strip steak,1,0,0.0,shear,shear,35,0.0648846,251.47020000000003,98.25484533273665,5,5,"1,2,3,4,5",
red,new york strip steak,1,0,0.0,shear,shear,36,0.06894340000000002,257.88919999999996,105.17829316622323,5,5,"1,2,3,4,5",
red,new york strip steak,1,0,0.0,shear,shear,37,0.07093306,261.36199999999997,107.03205605985526,5,5,"1,2,3,4,5",
red,new york strip steak,1,0,0.0,shear,shear,38,0.07284260000000001,263.9008,107.39973913450629,5,5,"1,2,3,4,5",
red,new york strip steak,1,0,0.0,shear,shear,39,0.07284260000000001,263.9008,107.39973913450629,5,5,"1,2,3,4,5",
red,new york strip steak,1,0,0.0,shear,shear,40,0.07482796,265.6044,106.21090570859474,5,5,"1,2,3,4,5",
red,new york strip steak,1,0,0.0,shear,shear,41,0.07889260000000001,270.5868,112.45457083355927,5,5,"1,2,3,4,5",
red,new york strip steak,1,0,0.0,shear,shear,42,0.08086777999999999,273.7084,114.12442072159665,5,5,"1,2,3,4,5",
red,new york strip steak,1,0,0.0,shear,shear,43,0.0827591,275.7972,114.39818093204104,5,5,"1,2,3,4,5",
red,new york strip steak,1,0,0.0,shear,shear,44,0.0827591,275.7972,114.39818093204104,5,5,"1,2,3,4,5",
red,new york strip steak,1,0,0.0,shear,shear,45,0.08475324000000001,277.1088,113.49233928578616,5,5,"1,2,3,4,5",
red,new york strip steak,1,0,0.0,shear,shear,46,0.08674264000000001,277.4902,112.93123432142234,5,5,"1,2,3,4,5",
red,new york strip steak,1,0,0.0,shear,shear,47,0.0908233,284.1632,120.26480689445269,5,5,"1,2,3,4,5",
red,new york strip steak,1,0,0.0,shear,shear,48,0.09271694,286.0224,120.48883729640683,5,5,"1,2,3,4,5",
red,new york strip steak,1,0,0.0,shear,shear,49,0.09271692000000001,286.0224,120.48883729640683,5,5,"1,2,3,4,5",
red,new york strip steak,1,0,0.0,shear,shear,50,0.09468604,287.03319999999997,119.79081890929704,5,5,"1,2,3,4,5",
red,new york strip steak,1,0,0.0,shear,shear,51,0.09666322000000001,287.522,119.07724082628049,5,5,"1,2,3,4,5",
red,new york strip steak,1,0,0.0,shear,shear,52,0.10260788000000001,294.1994,125.19377636064823,5,5,"1,2,3,4,5",
red,new york strip steak,1,0,0.0,shear,shear,53,0.10260788000000001,294.1994,125.19377636064823,5,5,"1,2,3,4,5",
red,new york strip steak,1,0,0.0,shear,shear,54,0.10260788000000001,294.1994,125.19377636064823,5,5,"1,2,3,4,5",
red,new york strip steak,1,0,0.0,shear,shear,55,0.10460620000000001,295.5482,124.27017930847288,5,5,"1,2,3,4,5",
red,new york strip steak,1,0,0.0,shear,shear,56,0.1066004,295.6124,124.176493444774,5,5,"1,2,3,4,5",
red,new york strip steak,1,0,0.0,shear,shear,57,0.11258080000000001,301.2994,129.28573354024797,5,5,"1,2,3,4,5",
red,new york strip steak,1,0,0.0,shear,shear,58,0.11258080000000001,301.2994,129.28573354024797,5,5,"1,2,3,4,5",
red,new york strip steak,1,0,0.0,shear,shear,59,0.11258080000000001,301.2994,129.28573354024797,5,5,"1,2,3,4,5",
red,new york strip steak,1,0,0.0,shear,shear,60,0.1145586,302.1832,128.69170771017068,5,5,"1,2,3,4,5",
red,new york strip steak,1,0,0.0,shear,shear,61,0.11654,302.0736,128.8516656106548,5,5,"1,2,3,4,5",
red,new york strip steak,1,0,0.0,shear,shear,62,0.1224828,305.76079999999996,132.501608333484,5,5,"1,2,3,4,5",
red,new york strip steak,1,0,0.0,shear,shear,63,0.1224826,305.76079999999996,132.501608333484,5,5,"1,2,3,4,5",
red,new york strip steak,1,0,0.0,shear,shear,64,0.1224826,305.76079999999996,132.501608333484,5,5,"1,2,3,4,5",
red,new york strip steak,1,0,0.0,shear,shear,65,0.1244604,306.01099999999997,132.3353233585047,5,5,"1,2,3,4,5",
red,new york strip steak,1,0,0.0,shear,shear,66,0.1264366,306.15639999999996,132.12441540850804,5,5,"1,2,3,4,5",
red,new york strip steak,1,0,0.0,shear,shear,67,0.1303188,308.17240000000004,132.85783035350232,5,5,"1,2,3,4,5",
red,new york strip steak,1,0,0.0,shear,shear,68,0.1324004,309.4758,134.75404126541065,5,5,"1,2,3,4,5",
red,new york strip steak,1,0,0.0,shear,shear,69,0.134388,310.2354,134.24886132343917,5,5,"1,2,3,4,5",
red,new york strip steak,1,0,0.0,shear,shear,70,0.134388,310.2354,134.24886132343917,5,5,"1,2,3,4,5",
red,new york strip steak,1,0,0.0,shear,shear,71,0.1382656,311.2356,134.18701577216777,5,5,"1,2,3,4,5",
red,new york strip steak,1,0,0.0,shear,shear,72,0.14024719999999996,312.06759999999997,134.64211131529393,5,5,"1,2,3,4,5",
red,new york strip steak,1,0,0.0,shear,shear,73,0.1423256,312.691,135.54621971416245,5,5,"1,2,3,4,5",
red,new york strip steak,1,0,0.0,shear,shear,74,0.144304,313.4072,135.07537776130778,5,5,"1,2,3,4,5",
red,new york strip steak,1,0,0.0,shear,shear,75,0.144304,313.4072,135.07537776130778,5,5,"1,2,3,4,5",
red,new york strip steak,1,0,0.0,shear,shear,76,0.148189,314.301,134.28906283834138,5,5,"1,2,3,4,5",
red,new york strip steak,1,0,0.0,shear,shear,77,0.1501736,315.4428,134.9272581110281,5,5,"1,2,3,4,5",
red,new york strip steak,1,0,0.0,shear,shear,78,0.15225139999999998,315.685,135.27666749887064,5,5,"1,2,3,4,5",
red,new york strip steak,1,0,0.0,shear,shear,79,0.15423979999999998,316.0324,135.04764263710788,5,5,"1,2,3,4,5",
red,new york strip steak,1,0,0.0,shear,shear,80,0.15423979999999998,316.0324,135.04764263710788,5,5,"1,2,3,4,5",
red,new york strip steak,1,0,0.0,shear,shear,81,0.1581178,315.8944,135.02156591093143,5,5,"1,2,3,4,5",
red,new york strip steak,1,0,0.0,shear,shear,82,0.1601024,316.794,135.54602172693967,5,5,"1,2,3,4,5",
red,new york strip steak,1,0,0.0,shear,shear,83,0.16217520000000002,316.7478,135.47981794998103,5,5,"1,2,3,4,5",
red,new york strip steak,1,0,0.0,shear,shear,84,0.1641574,317.1678,135.20584365980636,5,5,"1,2,3,4,5",
red,new york strip steak,1,0,0.0,shear,shear,85,0.1641574,317.1678,135.20584365980636,5,5,"1,2,3,4,5",
red,new york strip steak,1,0,0.0,shear,shear,86,0.16805920000000002,317.4116,135.30913211989795,5,5,"1,2,3,4,5",
red,new york strip steak,1,0,0.0,shear,shear,87,0.1700458,318.55740000000003,136.0046181651197,5,5,"1,2,3,4,5",
red,new york strip steak,1,0,0.0,shear,shear,88,0.1721258,317.9202,135.10674109369967,5,5,"1,2,3,4,5",
red,new york strip steak,1,0,0.0,shear,shear,89,0.1741112,318.0082,135.04939616954974,5,5,"1,2,3,4,5",
red,new york strip steak,1,0,0.0,shear,shear,90,0.1760054,318.3728,135.08702008468467,5,5,"1,2,3,4,5",
red,new york strip steak,1,0,0.0,shear,shear,91,0.1779806,318.5386,134.8410471163733,5,5,"1,2,3,4,5",
red,new york strip steak,1,0,0.0,shear,shear,92,0.17996220000000002,319.313,135.33520017349514,5,5,"1,2,3,4,5",
red,new york strip steak,1,0,0.0,shear,shear,93,0.17996240000000002,319.313,135.33520017349514,5,5,"1,2,3,4,5",
red,new york strip steak,1,0,0.0,shear,shear,94,0.18403019999999998,318.6804,133.49126272322096,5,5,"1,2,3,4,5",
red,new york strip steak,1,0,0.0,shear,shear,95,0.1859324,319.42600000000004,133.5797661938364,5,5,"1,2,3,4,5",
red,new york strip steak,1,0,0.0,shear,shear,96,0.1899036,320.6394,133.79820625942637,5,5,"1,2,3,4,5",
red,new york strip steak,1,0,0.0,shear,shear,97,0.1899036,320.6394,133.79820625942637,5,5,"1,2,3,4,5",
red,new york strip steak,1,0,0.0,shear,shear,98,0.1899036,320.6394,133.79820625942637,5,5,"1,2,3,4,5",
red,new york strip steak,1,0,0.0,shear,shear,99,0.19395820000000003,319.623,132.840054007818,5,5,"1,2,3,4,5",
red,new york strip steak,1,0,0.0,uniaxial,compression,0,0.9782786,479.1395,60.74940897037598,4,5,"2,3,4,5",1
red,new york strip steak,1,0,0.0,uniaxial,compression,1,0.9579855,755.1270000000001,206.83795135226026,5,5,"1,2,3,4,5",
red,new york strip steak,1,0,0.0,uniaxial,compression,2,0.93799064,843.1598,225.1786495912967,5,5,"1,2,3,4,5",
red,new york strip steak,1,0,0.0,uniaxial,compression,3,0.9176953000000001,946.951,232.28798537849522,5,5,"1,2,3,4,5",
red,new york strip steak,1,0,0.0,uniaxial,compression,4,0.8976362,1041.3319999999999,258.40299566065397,5,5,"1,2,3,4,5",
red,new york strip steak,1,0,0.0,uniaxial,compression,5,0.8774304,1177.1270000000002,261.1809934769373,5,5,"1,2,3,4,5",
red,new york strip steak,1,0,0.0,uniaxial,compression,6,0.8573418,1294.7998,298.32771732468973,5,5,"1,2,3,4,5",
red,new york strip steak,1,0,0.0,uniaxial,compression,7,0.8372004000000001,1470.7559999999999,316.9865909214457,5,5,"1,2,3,4,5",
red,new york strip steak,1,0,0.0,uniaxial,compression,8,0.8172651999999999,1660.266,346.1564280841828,5,5,"1,2,3,4,5",
red,new york strip steak,1,0,0.0,uniaxial,tension,0,1.02642544,725.8088,188.35519039453092,5,5,"1,2,3,4,5",
red,new york strip steak,1,0,0.0,uniaxial,tension,1,1.05162174,255.38559999999998,66.30933474737927,5,5,"1,2,3,4,5",
red,new york strip steak,1,0,0.0,uniaxial,tension,2,1.0768855249999998,29.719775,21.599048291576995,4,5,"1,2,4,5",3
red,new york strip steak,1,0,0.0,uniaxial,tension,3,1.1019205,-75.37015,37.3581347512493,4,5,"1,2,4,5",3
red,new york strip steak,2,24,1.0,shear,shear,0,0.0031038795400000004,27.973569999999995,35.905310988092,5,5,"1,2,3,4,5",
red,new york strip steak,2,24,1.0,shear,shear,1,0.00310388234,27.973569999999995,35.905310988092,5,5,"1,2,3,4,5",
red,new york strip steak,2,24,1.0,shear,shear,2,0.0016111182,11.194383333333333,1.661128818170209,3,5,"1,4,5","2,3"
red,new york strip steak,2,24,1.0,shear,shear,3,0.00305201734,43.91977000000001,35.29890025277842,5,5,"1,2,3,4,5",
red,new york strip steak,2,24,1.0,shear,shear,4,0.004416946,56.07796999999999,42.67789047255733,5,5,"1,2,3,4,5",
red,new york strip steak,2,24,1.0,shear,shear,5,0.0061976900000000005,62.23629999999999,37.477151018880825,5,5,"1,2,3,4,5",
red,new york strip steak,2,24,1.0,shear,shear,6,0.009240283333333333,46.25639999999999,3.9966287568399466,3,5,"1,4,5","2,3"
red,new york strip steak,2,24,1.0,shear,shear,7,0.008907243333333334,106.156,1.6477465419980875,3,5,"1,2,3","4,5"
red,new york strip steak,2,24,1.0,shear,shear,8,0.013713659999999999,117.68502000000001,68.22661585177444,5,5,"1,2,3,4,5",
red,new york strip steak,2,24,1.0,shear,shear,9,0.01534222,132.85516,56.91992728827401,5,5,"1,2,3,4,5",
red,new york strip steak,2,24,1.0,shear,shear,10,0.01534222,132.85516,56.91992728827401,5,5,"1,2,3,4,5",
red,new york strip steak,2,24,1.0,shear,shear,11,0.018086866666666666,109.52766666666666,5.250525074271677,3,5,"1,4,5","2,3"
red,new york strip steak,2,24,1.0,shear,shear,12,0.01906562,157.2866,39.948819209583654,5,5,"1,2,3,4,5",
red,new york strip steak,2,24,1.0,shear,shear,13,0.0245698,195.5582,65.14881430509692,5,5,"1,2,3,4,5",
red,new york strip steak,2,24,1.0,shear,shear,14,0.0245698,195.5582,65.14881430509692,5,5,"1,2,3,4,5",
red,new york strip steak,2,24,1.0,shear,shear,15,0.02634994,202.07139999999998,56.75067278050543,5,5,"1,2,3,4,5",
red,new york strip steak,2,24,1.0,shear,shear,16,0.02634992,202.07139999999998,56.75067278050543,5,5,"1,2,3,4,5",
red,new york strip steak,2,24,1.0,shear,shear,17,0.02991118,217.82980000000003,50.27659875289895,5,5,"1,2,3,4,5",
red,new york strip steak,2,24,1.0,shear,shear,18,0.0337986,237.4946,71.66339421657337,5,5,"1,2,3,4,5",
red,new york strip steak,2,24,1.0,shear,shear,19,0.0337986,237.4946,71.66339421657337,5,5,"1,2,3,4,5",
red,new york strip steak,2,24,1.0,shear,shear,20,0.03557612,242.5398,64.9497740146954,5,5,"1,2,3,4,5",
red,new york strip steak,2,24,1.0,shear,shear,21,0.03723664,248.39719999999997,61.63727438295759,5,5,"1,2,3,4,5",
red,new york strip steak,2,24,1.0,shear,shear,22,0.041150940000000004,263.7344,68.38663973204123,5,5,"1,2,3,4,5",
red,new york strip steak,2,24,1.0,shear,shear,23,0.0430695,270.37120000000004,75.22196764084279,5,5,"1,2,3,4,5",
red,new york strip steak,2,24,1.0,shear,shear,24,0.04485531999999999,274.1906,69.90597597230153,5,5,"1,2,3,4,5",
red,new york strip steak,2,24,1.0,shear,shear,25,0.04485528,274.1906,69.90597597230153,5,5,"1,2,3,4,5",
red,new york strip steak,2,24,1.0,shear,shear,26,0.04647348,279.3702,66.91426053809457,5,5,"1,2,3,4,5",
red,new york strip steak,2,24,1.0,shear,shear,27,0.0503182,288.5616,71.88339352479126,5,5,"1,2,3,4,5",
red,new york strip steak,2,24,1.0,shear,shear,28,0.05230828,294.5866,77.91229931557663,5,5,"1,2,3,4,5",
red,new york strip steak,2,24,1.0,shear,shear,29,0.0541007,297.9854,73.0977118755437,5,5,"1,2,3,4,5",
red,new york strip steak,2,24,1.0,shear,shear,30,0.05573816,302.46860000000004,70.67780600895871,5,5,"1,2,3,4,5",
red,new york strip steak,2,24,1.0,shear,shear,31,0.05573816,302.46860000000004,70.67780600895871,5,5,"1,2,3,4,5",
red,new york strip steak,2,24,1.0,shear,shear,32,0.05954918,311.84440000000006,73.77829534110965,5,5,"1,2,3,4,5",
red,new york strip steak,2,24,1.0,shear,shear,33,0.063306,319.6236,75.95109807922464,5,5,"1,2,3,4,5",
red,new york strip steak,2,24,1.0,shear,shear,34,0.06495278,323.65200000000004,73.85715539336726,5,5,"1,2,3,4,5",
red,new york strip steak,2,24,1.0,shear,shear,35,0.0649528,323.65200000000004,73.85715539336726,5,5,"1,2,3,4,5",
red,new york strip steak,2,24,1.0,shear,shear,36,0.06689728,328.07700000000006,73.39208474215731,5,5,"1,2,3,4,5",
red,new york strip steak,2,24,1.0,shear,shear,37,0.07078063999999999,335.5998000000001,81.46629471235329,5,5,"1,2,3,4,5",
red,new york strip steak,2,24,1.0,shear,shear,38,0.07419294,341.2724,76.53035848236959,5,5,"1,2,3,4,5",
red,new york strip steak,2,24,1.0,shear,shear,39,0.07419278,341.2724,76.53035848236959,5,5,"1,2,3,4,5",
red,new york strip steak,2,24,1.0,shear,shear,40,0.07419278,341.2724,76.53035848236959,5,5,"1,2,3,4,5",
red,new york strip steak,2,24,1.0,shear,shear,41,0.0780113,347.69140000000004,78.64828023701472,5,5,"1,2,3,4,5",
red,new york strip steak,2,24,1.0,shear,shear,42,0.08340107999999999,355.69040000000007,78.30935925826492,5,5,"1,2,3,4,5",
red,new york strip steak,2,24,1.0,shear,shear,43,0.0834012,355.69040000000007,78.30935925826492,5,5,"1,2,3,4,5",
red,new york strip steak,2,24,1.0,shear,shear,44,0.0834012,355.69040000000007,78.30935925826492,5,5,"1,2,3,4,5",
red,new york strip steak,2,24,1.0,shear,shear,45,0.08340116,355.69040000000007,78.30935925826492,5,5,"1,2,3,4,5",
red,new york strip steak,2,24,1.0,shear,shear,46,0.09064832,364.6936,77.52237212469701,5,5,"1,2,3,4,5",
red,new york strip steak,2,24,1.0,shear,shear,47,0.09263048,367.49460000000005,80.63172567073087,5,5,"1,2,3,4,5",
red,new york strip steak,2,24,1.0,shear,shear,48,0.09263048,367.49460000000005,80.63172567073087,5,5,"1,2,3,4,5",
red,new york strip steak,2,24,1.0,shear,shear,49,0.09263042,367.49460000000005,80.63172567073087,5,5,"1,2,3,4,5",
red,new york strip steak,2,24,1.0,shear,shear,50,0.0942653,370.2586,79.9407241638453,5,5,"1,2,3,4,5",
red,new york strip steak,2,24,1.0,shear,shear,51,0.09986902,376.08939999999996,79.7963398975166,5,5,"1,2,3,4,5",
red,new york strip steak,2,24,1.0,shear,shear,52,0.1018514,378.341,82.27733100921542,5,5,"1,2,3,4,5",
red,new york strip steak,2,24,1.0,shear,shear,53,0.1018514,378.341,82.27733100921542,5,5,"1,2,3,4,5",
red,new york strip steak,2,24,1.0,shear,shear,54,0.10349440000000001,380.857,81.73754455573032,5,5,"1,2,3,4,5",
red,new york strip steak,2,24,1.0,shear,shear,55,0.10527380000000001,380.5468,82.28673062262226,5,5,"1,2,3,4,5",
red,new york strip steak,2,24,1.0,shear,shear,56,0.10912360000000002,384.9384,83.52380121043342,5,5,"1,2,3,4,5",
red,new york strip steak,2,24,1.0,shear,shear,57,0.1111242,386.7042,85.42041994137,5,5,"1,2,3,4,5",
red,new york strip steak,2,24,1.0,shear,shear,58,0.112752,389.0226,85.0458010641325,5,5,"1,2,3,4,5",
red,new york strip steak,2,24,1.0,shear,shear,59,0.112752,389.0226,85.0458010641325,5,5,"1,2,3,4,5",
red,new york strip steak,2,24,1.0,shear,shear,60,0.1164158,389.7612,85.29042834785156,5,5,"1,2,3,4,5",
red,new york strip steak,2,24,1.0,shear,shear,61,0.1183398,392.52000000000004,85.78599710209122,5,5,"1,2,3,4,5",
red,new york strip steak,2,24,1.0,shear,shear,62,0.12195699999999998,396.2138,87.16299136307795,5,5,"1,2,3,4,5",
red,new york strip steak,2,24,1.0,shear,shear,63,0.12195699999999998,396.2138,87.16299136307795,5,5,"1,2,3,4,5",
red,new york strip steak,2,24,1.0,shear,shear,64,0.1237364,395.8254,87.88049901451403,5,5,"1,2,3,4,5",
red,new york strip steak,2,24,1.0,shear,shear,65,0.12745425,439.33425,35.79614795180482,4,5,"1,2,3,4",5
red,new york strip steak,2,24,1.0,shear,shear,66,0.12745425,439.33425,35.79614795180482,4,5,"1,2,3,4",5
red,new york strip steak,2,24,1.0,shear,shear,67,0.1319825,443.8625,35.03151358776837,4,5,"1,2,3,4",5
red,new york strip steak,2,24,1.0,shear,shear,68,0.1319825,443.8625,35.03151358776837,4,5,"1,2,3,4",5
red,new york strip steak,2,24,1.0,shear,shear,69,0.13198275,443.8625,35.03151358776837,4,5,"1,2,3,4",5
red,new york strip steak,2,24,1.0,shear,shear,70,0.1367605,447.43225,33.769996841686265,4,5,"1,2,3,4",5
red,new york strip steak,2,24,1.0,shear,shear,71,0.13879100000000003,449.8215,30.6163824242839,4,5,"1,2,3,4",5
red,new york strip steak,2,24,1.0,shear,shear,72,0.14127275,450.68899999999996,31.93551790718289,4,5,"1,2,3,4",5
red,new york strip steak,2,24,1.0,shear,shear,73,0.14127325000000002,450.68899999999996,31.93551790718289,4,5,"1,2,3,4",5
red,new york strip steak,2,24,1.0,shear,shear,74,0.14127325000000002,450.68899999999996,31.93551790718289,4,5,"1,2,3,4",5
red,new york strip steak,2,24,1.0,shear,shear,75,0.14811200000000002,456.6475,28.300145498742573,4,5,"1,2,3,4",5
red,new york strip steak,2,24,1.0,shear,shear,76,0.14811200000000002,456.6475,28.300145498742573,4,5,"1,2,3,4",5
red,new york strip steak,2,24,1.0,shear,shear,77,0.1505905,457.9115,30.234852657983968,4,5,"1,2,3,4",5
red,new york strip steak,2,24,1.0,shear,shear,78,0.1505905,457.9115,30.234852657983968,4,5,"1,2,3,4",5
red,new york strip steak,2,24,1.0,shear,shear,79,0.15500475,460.309,27.609357571301807,4,5,"1,2,3,4",5
red,new york strip steak,2,24,1.0,shear,shear,80,0.15741049999999998,463.12475,27.195108699681644,4,5,"1,2,3,4",5
red,new york strip steak,2,24,1.0,shear,shear,81,0.15741049999999998,463.12475,27.195108699681644,4,5,"1,2,3,4",5
red,new york strip steak,2,24,1.0,shear,shear,82,0.15989475,463.125,27.195490021325224,4,5,"1,2,3,4",5
red,new york strip steak,2,24,1.0,shear,shear,83,0.16194725,464.921,25.012263662051865,4,5,"1,2,3,4",5
red,new york strip steak,2,24,1.0,shear,shear,84,0.164324,464.95825,24.998875828474773,4,5,"1,2,3,4",5
red,new york strip steak,2,24,1.0,shear,shear,85,0.1667365,467.8605,25.311782281182815,4,5,"1,2,3,4",5
red,new york strip steak,2,24,1.0,shear,shear,86,0.1667365,467.8605,25.311782281182815,4,5,"1,2,3,4",5
red,new york strip steak,2,24,1.0,shear,shear,87,0.17125675,470.19925,24.13788526751048,4,5,"1,2,3,4",5
red,new york strip steak,2,24,1.0,shear,shear,88,0.17125675,470.19925,24.13788526751048,4,5,"1,2,3,4",5
red,new york strip steak,2,24,1.0,shear,shear,89,0.17362850000000002,470.831,23.789245290677034,4,5,"1,2,3,4",5
red,new york strip steak,2,24,1.0,shear,shear,90,0.17604825000000002,473.51775,24.68984711754003,4,5,"1,2,3,4",5
red,new york strip steak,2,24,1.0,shear,shear,91,0.17809250000000001,475.10699999999997,22.793674089536335,4,5,"1,2,3,4",5
red,new york strip steak,2,24,1.0,shear,shear,92,0.18057025000000002,475.03825,22.69747526020241,4,5,"1,2,3,4",5
red,new york strip steak,2,24,1.0,shear,shear,93,0.1829365,475.3015,22.51009389696098,4,5,"1,2,3,4",5
red,new york strip steak,2,24,1.0,shear,shear,94,0.185344,478.20475,24.33542733726901,4,5,"1,2,3,4",5
red,new york strip steak,2,24,1.0,shear,shear,95,0.1873805,479.78075,22.541692653558638,4,5,"1,2,3,4",5
red,new york strip steak,2,24,1.0,shear,shear,96,0.1873805,479.78075,22.541692653558638,4,5,"1,2,3,4",5
red,new york strip steak,2,24,1.0,shear,shear,97,0.18985749999999998,478.45700000000005,21.022654221101565,4,5,"1,2,3,4",5
red,new york strip steak,2,24,1.0,shear,shear,98,0.192248,479.1075,20.46210134003836,4,5,"1,2,3,4",5
red,new york strip steak,2,24,1.0,shear,shear,99,0.196712,482.98325,21.084603296896535,4,5,"1,2,3,4",5
red,new york strip steak,2,24,1.0,uniaxial,compression,0,0.9781698799999999,894.2700000000001,385.34655467046804,5,5,"1,2,3,4,5",
red,new york strip steak,2,24,1.0,uniaxial,compression,1,0.9581300500000001,913.159,266.74800303469937,4,5,"1,2,4,5",3
red,new york strip steak,2,24,1.0,uniaxial,compression,2,0.9379487499999999,1034.99375,291.4338336204077,4,5,"1,2,4,5",3
red,new york strip steak,2,24,1.0,uniaxial,compression,3,0.917789775,1155.014,318.73166627745036,4,5,"1,2,4,5",3
red,new york strip steak,2,24,1.0,uniaxial,compression,4,0.8975062000000001,1542.4276,616.3651675160108,5,5,"1,2,3,4,5",
red,new york strip steak,2,24,1.0,uniaxial,compression,5,0.8774280000000001,1672.534,631.9870007713766,5,5,"1,2,3,4,5",
red,new york strip steak,2,24,1.0,uniaxial,compression,6,0.8573550000000001,1838.2620000000002,655.942794286209,5,5,"1,2,3,4,5",
red,new york strip steak,2,24,1.0,uniaxial,compression,7,0.8372348000000001,2005.9339999999997,699.3087295780026,5,5,"1,2,3,4,5",
red,new york strip steak,2,24,1.0,uniaxial,compression,8,0.8171246,2196.1220000000003,727.5165211979726,5,5,"1,2,3,4,5",
red,new york strip steak,2,24,1.0,uniaxial,tension,0,1.0264411199999999,1055.7304,394.54611499777815,5,5,"1,2,3,4,5",
red,new york strip steak,2,24,1.0,uniaxial,tension,1,1.0517572,224.41366666666667,7.579225392845599,3,5,"2,4,5","1,3"
red,new york strip steak,2,24,1.0,uniaxial,tension,2,1.0769580399999998,26.635371999999997,48.114294247517925,5,5,"1,2,3,4,5",
red,new york strip steak,2,24,1.0,uniaxial,tension,3,1.102219,-217.40833333333333,5.048401551206302,3,5,"1,2,3","4,5"
red,new york strip steak,3,48,2.0,shear,shear,0,0.00066388975,14.6075,15.526367645557025,4,5,"2,3,4,5",1
red,new york strip steak,3,48,2.0,shear,shear,1,0.00130879475,29.318350000000002,14.681941055000188,4,5,"2,3,4,5",1
red,new york strip steak,3,48,2.0,shear,shear,2,0.0027027758000000004,32.619432,21.99420628958672,5,5,"1,2,3,4,5",
red,new york strip steak,3,48,2.0,shear,shear,3,0.0027027672,32.619432,21.99420628958672,5,5,"1,2,3,4,5",
red,new york strip steak,3,48,2.0,shear,shear,4,0.0027027632000000005,32.619432,21.99420628958672,5,5,"1,2,3,4,5",
red,new york strip steak,3,48,2.0,shear,shear,5,0.0027027592,32.619432,21.99420628958672,5,5,"1,2,3,4,5",
red,new york strip steak,3,48,2.0,shear,shear,6,0.009485659999999998,58.026475000000005,13.636972885390476,4,5,"1,2,4,5",3
red,new york strip steak,3,48,2.0,shear,shear,7,0.011712259999999999,91.75772,45.2007208069252,5,5,"1,2,3,4,5",
red,new york strip steak,3,48,2.0,shear,shear,8,0.01171224,91.75772,45.2007208069252,5,5,"1,2,3,4,5",
red,new york strip steak,3,48,2.0,shear,shear,9,0.011712219999999999,91.75772,45.2007208069252,5,5,"1,2,3,4,5",
red,new york strip steak,3,48,2.0,shear,shear,10,0.016756959999999998,138.44594,25.632615549225566,5,5,"1,2,3,4,5",
red,new york strip steak,3,48,2.0,shear,shear,11,0.020373259999999997,177.07694,61.21408322938767,5,5,"1,2,3,4,5",
red,new york strip steak,3,48,2.0,shear,shear,12,0.020373259999999997,177.07694,61.21408322938767,5,5,"1,2,3,4,5",
red,new york strip steak,3,48,2.0,shear,shear,13,0.020373259999999997,177.07694,61.21408322938767,5,5,"1,2,3,4,5",
red,new york strip steak,3,48,2.0,shear,shear,14,0.025401760000000002,204.296,48.15893252969795,5,5,"1,2,3,4,5",
red,new york strip steak,3,48,2.0,shear,shear,15,0.026609075,186.34699999999998,35.89248490979692,4,5,"1,2,4,5",3
red,new york strip steak,3,48,2.0,shear,shear,16,0.02898078,226.13959999999997,72.50540236037587,5,5,"1,2,3,4,5",
red,new york strip steak,3,48,2.0,shear,shear,17,0.02898078,226.13959999999997,72.50540236037587,5,5,"1,2,3,4,5",
red,new york strip steak,3,48,2.0,shear,shear,18,0.030631759999999997,235.49539999999996,75.25514636116256,5,5,"1,2,3,4,5",
red,new york strip steak,3,48,2.0,shear,shear,19,0.03580608,258.784,83.56228417653504,5,5,"1,2,3,4,5",
red,new york strip steak,3,48,2.0,shear,shear,20,0.03763786,264.1516,83.15121145864322,5,5,"1,2,3,4,5",
red,new york strip steak,3,48,2.0,shear,shear,21,0.03763786,264.1516,83.15121145864322,5,5,"1,2,3,4,5",
red,new york strip steak,3,48,2.0,shear,shear,22,0.04093828000000001,276.55359999999996,79.59057498121244,5,5,"1,2,3,4,5",
red,new york strip steak,3,48,2.0,shear,shear,23,0.04268708,281.83959999999996,75.95113917934344,5,5,"1,2,3,4,5",
red,new york strip steak,3,48,2.0,shear,shear,24,0.04446716,291.72159999999997,92.87691780114153,5,5,"1,2,3,4,5",
red,new york strip steak,3,48,2.0,shear,shear,25,0.04627708,294.7428,92.3165011759003,5,5,"1,2,3,4,5",
red,new york strip steak,3,48,2.0,shear,shear,26,0.04792456,300.7562,94.34900011213686,5,5,"1,2,3,4,5",
red,new york strip steak,3,48,2.0,shear,shear,27,0.05132447999999999,308.8524,87.15920916024882,5,5,"1,2,3,4,5",
red,new york strip steak,3,48,2.0,shear,shear,28,0.05309921999999999,317.377,101.96728994535454,5,5,"1,2,3,4,5",
red,new york strip steak,3,48,2.0,shear,shear,29,0.054921639999999994,317.5908,101.89735945430579,5,5,"1,2,3,4,5",
red,new york strip steak,3,48,2.0,shear,shear,30,0.05657268,322.26919999999996,103.54132295735843,5,5,"1,2,3,4,5",
red,new york strip steak,3,48,2.0,shear,shear,31,0.058202199999999996,325.3372,99.99037739982784,5,5,"1,2,3,4,5",
red,new york strip steak,3,48,2.0,shear,shear,32,0.059943979999999994,329.1164,97.85588464389866,5,5,"1,2,3,4,5",
red,new york strip steak,3,48,2.0,shear,shear,33,0.061719800000000005,336.8254,111.48096467218068,5,5,"1,2,3,4,5",
red,new york strip steak,3,48,2.0,shear,shear,34,0.06519808,340.70379999999994,112.76766410172732,5,5,"1,2,3,4,5",
red,new york strip steak,3,48,2.0,shear,shear,35,0.0668445,343.158,110.07812727694815,5,5,"1,2,3,4,5",
red,new york strip steak,3,48,2.0,shear,shear,36,0.06859494000000001,346.4482,108.39822381828955,5,5,"1,2,3,4,5",
red,new york strip steak,3,48,2.0,shear,shear,37,0.07037578,352.9722,120.04098255745825,5,5,"1,2,3,4,5",
red,new york strip steak,3,48,2.0,shear,shear,38,0.07037578,352.9722,120.04098255745825,5,5,"1,2,3,4,5",
red,new york strip steak,3,48,2.0,shear,shear,39,0.07552603999999999,358.22200000000004,118.24972544407872,5,5,"1,2,3,4,5",
red,new york strip steak,3,48,2.0,shear,shear,40,0.07552603999999999,358.22200000000004,118.24972544407872,5,5,"1,2,3,4,5",
red,new york strip steak,3,48,2.0,shear,shear,41,0.07727313999999999,361.096,116.89992732076439,5,5,"1,2,3,4,5",
red,new york strip steak,3,48,2.0,shear,shear,42,0.07904204000000001,367.4728,128.41612675267854,5,5,"1,2,3,4,5",
red,new york strip steak,3,48,2.0,shear,shear,43,0.08411556,370.8924,127.95058856074088,5,5,"1,2,3,4,5",
red,new york strip steak,3,48,2.0,shear,shear,44,0.08411556,370.8924,127.95058856074088,5,5,"1,2,3,4,5",
red,new york strip steak,3,48,2.0,shear,shear,45,0.08587388,372.6766,127.17151109049543,5,5,"1,2,3,4,5",
red,new york strip steak,3,48,2.0,shear,shear,46,0.08765943999999999,378.48040000000003,137.71789114069384,5,5,"1,2,3,4,5",
red,new york strip steak,3,48,2.0,shear,shear,47,0.09096088,380.62960000000004,136.87325065855634,5,5,"1,2,3,4,5",
red,new york strip steak,3,48,2.0,shear,shear,48,0.09278380000000001,381.49100000000004,136.2812656222417,5,5,"1,2,3,4,5",
red,new york strip steak,3,48,2.0,shear,shear,49,0.0945243,381.6846,136.19520913835407,5,5,"1,2,3,4,5",
red,new york strip steak,3,48,2.0,shear,shear,50,0.09629030000000001,387.1032,146.1706530770113,5,5,"1,2,3,4,5",
red,new york strip steak,3,48,2.0,shear,shear,51,0.09958638,388.95779999999996,145.45651497323863,5,5,"1,2,3,4,5",
red,new york strip steak,3,48,2.0,shear,shear,52,0.10139998000000001,390.3709999999999,144.51319413257738,5,5,"1,2,3,4,5",
red,new york strip steak,3,48,2.0,shear,shear,53,0.10139998000000001,390.3709999999999,144.51319413257738,5,5,"1,2,3,4,5",
red,new york strip steak,3,48,2.0,shear,shear,54,0.1031404,390.11659999999995,144.63525540558913,5,5,"1,2,3,4,5",
red,new york strip steak,3,48,2.0,shear,shear,55,0.1079455,325.23900000000003,62.04157460525965,4,5,"1,2,4,5",3
red,new york strip steak,3,48,2.0,shear,shear,56,0.1079455,325.23900000000003,62.04157460525965,4,5,"1,2,4,5",3
red,new york strip steak,3,48,2.0,shear,shear,57,0.11022175000000001,326.75300000000004,61.39028105083082,4,5,"1,2,4,5",3
red,new york strip steak,3,48,2.0,shear,shear,58,0.11239825,324.59625,61.73176517148605,4,5,"1,2,4,5",3
red,new york strip steak,3,48,2.0,shear,shear,59,0.11650075,324.70799999999997,59.671374405991365,4,5,"1,2,4,5",3
red,new york strip steak,3,48,2.0,shear,shear,60,0.11650075,324.70799999999997,59.671374405991365,4,5,"1,2,4,5",3
red,new york strip steak,3,48,2.0,shear,shear,61,0.11876850000000001,325.82325,59.28586310991434,4,5,"1,2,4,5",3
red,new york strip steak,3,48,2.0,shear,shear,62,0.12095550000000001,324.02924999999993,59.795080580993464,4,5,"1,2,4,5",3
red,new york strip steak,3,48,2.0,shear,shear,63,0.12095550000000001,324.02924999999993,59.795080580993464,4,5,"1,2,4,5",3
red,new york strip steak,3,48,2.0,shear,shear,64,0.1251025,322.54575,56.33577457697285,4,5,"1,2,4,5",3
red,new york strip steak,3,48,2.0,shear,shear,65,0.1251025,322.54575,56.33577457697285,4,5,"1,2,4,5",3
red,new york strip steak,3,48,2.0,shear,shear,66,0.12738824999999998,322.52324999999996,56.34202210328895,4,5,"1,2,4,5",3
red,new york strip steak,3,48,2.0,shear,shear,67,0.12957425,321.8835,56.5578586250399,4,5,"1,2,4,5",3
red,new york strip steak,3,48,2.0,shear,shear,68,0.13369150000000002,321.55725,53.33262245743688,4,5,"1,2,4,5",3
red,new york strip steak,3,48,2.0,shear,shear,69,0.13369125,321.55725,53.33262245743688,4,5,"1,2,4,5",3
red,new york strip steak,3,48,2.0,shear,shear,70,0.13595675000000002,321.54275,53.33662789479197,4,5,"1,2,4,5",3
red,new york strip steak,3,48,2.0,shear,shear,71,0.138129,319.24875,54.32127086314809,4,5,"1,2,4,5",3
red,new york strip steak,3,48,2.0,shear,shear,72,0.14221224999999998,318.24675,52.272077394986894,4,5,"1,2,4,5",3
red,new york strip steak,3,48,2.0,shear,shear,73,0.14221224999999998,318.24675,52.272077394986894,4,5,"1,2,4,5",3
red,new york strip steak,3,48,2.0,shear,shear,74,0.14221224999999998,318.24675,52.272077394986894,4,5,"1,2,4,5",3
red,new york strip steak,3,48,2.0,shear,shear,75,0.144477,318.682,52.18202335095871,4,5,"1,2,4,5",3
red,new york strip steak,3,48,2.0,shear,shear,76,0.15082275,317.9155,51.69291164898724,4,5,"1,2,4,5",3
red,new york strip steak,3,48,2.0,shear,shear,77,0.15082275,317.9155,51.69291164898724,4,5,"1,2,4,5",3
red,new york strip steak,3,48,2.0,shear,shear,78,0.15082275,317.9155,51.69291164898724,4,5,"1,2,4,5",3
red,new york strip steak,3,48,2.0,shear,shear,79,0.15310275,318.1035,51.65978922479263,4,5,"1,2,4,5",3
red,new york strip steak,3,48,2.0,shear,shear,80,0.1593615,315.375,51.53547219149155,4,5,"1,2,4,5",3
red,new york strip steak,3,48,2.0,shear,shear,81,0.1593615,315.375,51.53547219149155,4,5,"1,2,4,5",3
red,new york strip steak,3,48,2.0,shear,shear,82,0.1593615,315.375,51.53547219149155,4,5,"1,2,4,5",3
red,new york strip steak,3,48,2.0,shear,shear,83,0.1593615,315.375,51.53547219149155,4,5,"1,2,4,5",3
red,new york strip steak,3,48,2.0,shear,shear,84,0.16793249999999998,314.76300000000003,50.87078024268941,4,5,"1,2,4,5",3
red,new york strip steak,3,48,2.0,shear,shear,85,0.16793225,314.76300000000003,50.87078024268941,4,5,"1,2,4,5",3
red,new york strip steak,3,48,2.0,shear,shear,86,0.16793225,314.76300000000003,50.87078024268941,4,5,"1,2,4,5",3
red,new york strip steak,3,48,2.0,shear,shear,87,0.16793225,314.76300000000003,50.87078024268941,4,5,"1,2,4,5",3
red,new york strip steak,3,48,2.0,shear,shear,88,0.17433574999999998,313.4315,48.0217094786306,4,5,"1,2,4,5",3
red,new york strip steak,3,48,2.0,shear,shear,89,0.17652900000000002,311.61075,49.65648630529047,4,5,"1,2,4,5",3
red,new york strip steak,3,48,2.0,shear,shear,90,0.17652900000000002,311.61075,49.65648630529047,4,5,"1,2,4,5",3
red,new york strip steak,3,48,2.0,shear,shear,91,0.17652874999999998,311.61075,49.65648630529047,4,5,"1,2,4,5",3
red,new york strip steak,3,48,2.0,shear,shear,92,0.180629,311.94825,49.09208810681716,4,5,"1,2,4,5",3
red,new york strip steak,3,48,2.0,shear,shear,93,0.18507075,311.582,50.64542916690507,4,5,"1,2,4,5",3
red,new york strip steak,3,48,2.0,shear,shear,94,0.18507075,311.582,50.64542916690507,4,5,"1,2,4,5",3
red,new york strip steak,3,48,2.0,shear,shear,95,0.18507075,311.582,50.64542916690507,4,5,"1,2,4,5",3
red,new york strip steak,3,48,2.0,shear,shear,96,0.18712,312.45525,50.134003587261,4,5,"1,2,4,5",3
red,new york strip steak,3,48,2.0,shear,shear,97,0.19137525,310.9565,50.23732033807138,4,5,"1,2,4,5",3
red,new york strip steak,3,48,2.0,shear,shear,98,0.19365475,310.64725000000004,50.218962750016054,4,5,"1,2,4,5",3
red,new york strip steak,3,48,2.0,shear,shear,99,0.19365475,310.64725000000004,50.218962750016054,4,5,"1,2,4,5",3
red,new york strip steak,3,48,2.0,uniaxial,compression,0,0.9781193,803.2624,237.003976984016,5,5,"1,2,3,4,5",
red,new york strip steak,3,48,2.0,uniaxial,compression,1,0.9580296333333335,1044.0433333333333,12.483413884920331,3,5,"2,4,5","1,3"
red,new york strip steak,3,48,2.0,uniaxial,compression,2,0.9377958666666667,1201.4666666666667,28.95756934244,3,5,"2,4,5","1,3"
red,new york strip steak,3,48,2.0,uniaxial,compression,3,0.9177900400000001,1394.5438,411.2049121177421,5,5,"1,2,3,4,5",
red,new york strip steak,3,48,2.0,uniaxial,compression,4,0.8978208000000001,1557.5474000000002,460.9830133909926,5,5,"1,2,3,4,5",
red,new york strip steak,3,48,2.0,uniaxial,compression,5,0.8774790000000001,1724.0342,512.7345340881185,5,5,"1,2,3,4,5",
red,new york strip steak,3,48,2.0,uniaxial,compression,6,0.8572874,1908.2118000000003,580.7663862560918,5,5,"1,2,3,4,5",
red,new york strip steak,3,48,2.0,uniaxial,compression,7,0.8372094000000001,2093.2019999999998,632.2939008214456,5,5,"1,2,3,4,5",
red,new york strip steak,3,48,2.0,uniaxial,compression,8,0.8172224,2308.158,700.5894586532115,5,5,"1,2,3,4,5",
red,new york strip steak,3,48,2.0,uniaxial,tension,0,1.0263827,952.957,130.5278456479689,4,5,"2,3,4,5",1
red,new york strip steak,3,48,2.0,uniaxial,tension,1,1.05160805,307.08074999999997,51.82930867942867,4,5,"2,3,4,5",1
red,new york strip steak,3,48,2.0,uniaxial,tension,2,1.0768333599999997,-37.1034,68.27018867004836,5,5,"1,2,3,4,5",
red,new york strip steak,3,48,2.0,uniaxial,tension,3,1.10203025,-157.07375000000002,23.37718231925097,4,5,"1,2,4,5",3
