file_name,color,cut_name,freshness_index,time_hours,time_days,sample_num,mode,loading,point_index,deformation,stress_pa,stress_q25_pa,stress_q75_pa,n_used,n_total,used_samples,dropped_samples
robust_summary,green,sirloin steak,1,0,0.0,0,uniaxial,compression,0,0.8182208712932227,-1962.4122269502045,-2324.1737626182376,-1677.1793166860932,4,5,"2,3,4,5",1
robust_summary,green,sirloin steak,1,0,0.0,0,uniaxial,compression,1,0.8202457124488367,-1945.3208663937708,-2307.079866289941,-1659.4904658400242,4,5,"2,3,4,5",1
robust_summary,green,sirloin steak,1,0,0.0,0,uniaxial,compression,2,0.8222705536044506,-1928.229505837338,-2289.985969961646,-1641.8016149939563,4,5,"2,3,4,5",1
robust_summary,green,sirloin steak,1,0,0.0,0,uniaxial,compression,3,0.8242953947600645,-1911.1381452809037,-2272.8920736333494,-1624.1127641478874,4,5,"2,3,4,5",1
robust_summary,green,sirloin steak,1,0,0.0,0,uniaxial,compression,4,0.8263202359156784,-1894.0467847244706,-2255.798177305054,-1606.4239133018195,4,5,"2,3,4,5",1
robust_summary,green,sirloin steak,1,0,0.0,0,uniaxial,compression,5,0.8283450770712923,-1876.9554241680369,-2238.7042809767577,-1588.7350624557507,4,5,"2,3,4,5",1
robust_summary,green,sirloin steak,1,0,0.0,0,uniaxial,compression,6,0.8303699182269062,-1859.8640636116038,-2221.6103846484625,-1571.0462116096828,4,5,"2,3,4,5",1
robust_summary,green,sirloin steak,1,0,0.0,0,uniaxial,compression,7,0.8323947593825202,-1842.7727030551698,-2204.516488320166,-1553.3573607636138,4,5,"2,3,4,5",1
robust_summary,green,sirloin steak,1,0,0.0,0,uniaxial,compression,8,0.834419600538134,-1825.6813424987372,-2187.422591991871,-1535.6685099175459,4,5,"2,3,4,5",1
robust_summary,green,sirloin steak,1,0,0.0,0,uniaxial,compression,9,0.836444441693748,-1808.589981942303,-2170.3286956635748,-1517.979659071477,4,5,"2,3,4,5",1
robust_summary,green,sirloin steak,1,0,0.0,0,uniaxial,compression,10,0.8384692828493618,-1792.4509130145475,-2149.440532112052,-1502.8185827648008,4,5,"2,3,4,5",1
robust_summary,green,sirloin steak,1,0,0.0,0,uniaxial,compression,11,0.8404941240049758,-1778.2426255572182,-2126.5396623175884,-1492.3487970884883,4,5,"2,3,4,5",1
robust_summary,green,sirloin steak,1,0,0.0,0,uniaxial,compression,12,0.8425189651605897,-1764.0343380998895,-2103.6387925231256,-1481.9639951754275,4,5,"2,3,4,5",1
robust_summary,green,sirloin steak,1,0,0.0,0,uniaxial,compression,13,0.8445438063162036,-1747.4215268338453,-2080.7379227286615,-1471.98459091618,4,5,"2,3,4,5",1
robust_summary,green,sirloin steak,1,0,0.0,0,uniaxial,compression,14,0.8465686474718175,-1730.464545426684,-2057.8370529341987,-1462.0051866569333,4,5,"2,3,4,5",1
robust_summary,green,sirloin steak,1,0,0.0,0,uniaxial,compression,15,0.8485934886274314,-1713.5075638924325,-2034.9361831397348,-1452.0257823976858,4,5,"2,3,4,5",1
robust_summary,green,sirloin steak,1,0,0.0,0,uniaxial,compression,16,0.8506183297830454,-1696.550582372729,-2012.0353133452709,-1442.0463781384385,4,5,"2,3,4,5",1
robust_summary,green,sirloin steak,1,0,0.0,0,uniaxial,compression,17,0.8526431709386593,-1679.5936008652482,-1989.1344435508079,-1432.066973879192,4,5,"2,3,4,5",1
robust_summary,green,sirloin steak,1,0,0.0,0,uniaxial,compression,18,0.8546680120942732,-1662.6366193679655,-1966.233573756344,-1422.0875696199446,4,5,"2,3,4,5",1
robust_summary,green,sirloin steak,1,0,0.0,0,uniaxial,compression,19,0.8566928532498871,-1645.6796378791305,-1943.3327039618812,-1412.1081653606977,4,5,"2,3,4,5",1
robust_summary,green,sirloin steak,1,0,0.0,0,uniaxial,compression,20,0.858717694405501,-1629.3938795949007,-1924.9309655751483,-1399.094043420872,4,5,"2,3,4,5",1
robust_summary,green,sirloin steak,1,0,0.0,0,uniaxial,compression,21,0.8607425355611149,-1614.3212354855611,-1909.7959571222787,-1384.9405301626011,4,5,"2,3,4,5",1
robust_summary,green,sirloin steak,1,0,0.0,0,uniaxial,compression,22,0.8627673767167289,-1599.6118961939578,-1894.660948669408,-1371.3524822104666,4,5,"2,3,4,5",1
robust_summary,green,sirloin steak,1,0,0.0,0,uniaxial,compression,23,0.8647922178723427,-1585.4508138672988,-1879.5259402165384,-1358.6177681061613,4,5,"2,3,4,5",1
robust_summary,green,sirloin steak,1,0,0.0,0,uniaxial,compression,24,0.8668170590279567,-1571.289731541332,-1864.390931763668,-1345.883054001855,4,5,"2,3,4,5",1
robust_summary,green,sirloin steak,1,0,0.0,0,uniaxial,compression,25,0.8688419001835705,-1557.1286492160202,-1849.2559233107982,-1333.1483398975497,4,5,"2,3,4,5",1
robust_summary,green,sirloin steak,1,0,0.0,0,uniaxial,compression,26,0.8708667413391845,-1542.9675668913267,-1834.1209148579278,-1320.4136257932437,4,5,"2,3,4,5",1
robust_summary,green,sirloin steak,1,0,0.0,0,uniaxial,compression,27,0.8728915824947984,-1528.8064845672204,-1818.9859064050581,-1307.6789116889381,4,5,"2,3,4,5",1
robust_summary,green,sirloin steak,1,0,0.0,0,uniaxial,compression,28,0.8749164236504123,-1514.6454022436671,-1803.8508979521876,-1294.944197584632,4,5,"2,3,4,5",1
robust_summary,green,sirloin steak,1,0,0.0,0,uniaxial,compression,29,0.8769412648060262,-1500.4843199206387,-1788.7158894993179,-1282.2094834803268,4,5,"2,3,4,5",1
robust_summary,green,sirloin steak,1,0,0.0,0,uniaxial,compression,30,0.8789661059616402,-1486.4883908100512,-1771.2779618199293,-1272.3364177980184,4,5,"2,3,4,5",1
robust_summary,green,sirloin steak,1,0,0.0,0,uniaxial,compression,31,0.8809909471172541,-1473.3156993601558,-1752.9696408872971,-1264.8708586894127,4,5,"2,3,4,5",1
robust_summary,green,sirloin steak,1,0,0.0,0,uniaxial,compression,32,0.883015788272868,-1460.1430079138945,-1734.6613199546657,-1257.4052995808072,4,5,"2,3,4,5",1
robust_summary,green,sirloin steak,1,0,0.0,0,uniaxial,compression,33,0.8850406294284818,-1446.9703166854038,-1716.3529990220343,-1249.9397404722017,4,5,"2,3,4,5",1
robust_summary,green,sirloin steak,1,0,0.0,0,uniaxial,compression,34,0.8870654705840958,-1433.7976252065612,-1698.044678089402,-1242.474181363596,4,5,"2,3,4,5",1
robust_summary,green,sirloin steak,1,0,0.0,0,uniaxial,compression,35,0.8890903117397098,-1420.6249337360243,-1679.7363571567696,-1235.0086222549899,4,5,"2,3,4,5",1
robust_summary,green,sirloin steak,1,0,0.0,0,uniaxial,compression,36,0.8911151528953236,-1407.4522422726388,-1661.4280362241384,-1227.5430631463846,4,5,"2,3,4,5",1
robust_summary,green,sirloin steak,1,0,0.0,0,uniaxial,compression,37,0.8931399940509376,-1394.279550815379,-1643.119715291506,-1220.0775040377787,4,5,"2,3,4,5",1
robust_summary,green,sirloin steak,1,0,0.0,0,uniaxial,compression,38,0.8951648352065514,-1381.1068593633415,-1624.8113943588748,-1212.6119449291732,4,5,"2,3,4,5",1
robust_summary,green,sirloin steak,1,0,0.0,0,uniaxial,compression,39,0.8971896763621654,-1367.93416791573,-1606.5030734262425,-1205.1463858205675,4,5,"2,3,4,5",1
robust_summary,green,sirloin steak,1,0,0.0,0,uniaxial,compression,40,0.8992145175177793,-1356.555565102519,-1592.8177370068697,-1196.3916914178335,4,5,"2,3,4,5",1
robust_summary,green,sirloin steak,1,0,0.0,0,uniaxial,compression,41,0.9012393586733932,-1345.9544251778407,-1581.9239872076469,-1186.2058828964002,4,5,"2,3,4,5",1
robust_summary,green,sirloin steak,1,0,0.0,0,uniaxial,compression,42,0.9032641998290071,-1335.353285253156,-1571.030237408425,-1176.0200743749672,4,5,"2,3,4,5",1
robust_summary,green,sirloin steak,1,0,0.0,0,uniaxial,compression,43,0.905289040984621,-1324.752145328464,-1560.1364876092023,-1165.834265853534,4,5,"2,3,4,5",1
robust_summary,green,sirloin steak,1,0,0.0,0,uniaxial,compression,44,0.9073138821402349,-1314.1510054037656,-1549.24273780998,-1155.6484573321009,4,5,"2,3,4,5",1
robust_summary,green,sirloin steak,1,0,0.0,0,uniaxial,compression,45,0.9093387232958489,-1303.5498654790597,-1538.3489880107572,-1145.4626488106676,4,5,"2,3,4,5",1
robust_summary,green,sirloin steak,1,0,0.0,0,uniaxial,compression,46,0.9113635644514628,-1292.9487255543472,-1527.4552382115346,-1135.276840289234,4,5,"2,3,4,5",1
robust_summary,green,sirloin steak,1,0,0.0,0,uniaxial,compression,47,0.9133884056070767,-1282.3475856296288,-1516.5614884123127,-1125.0910317678013,4,5,"2,3,4,5",1
robust_summary,green,sirloin steak,1,0,0.0,0,uniaxial,compression,48,0.9154132467626905,-1271.7464457049045,-1505.6677386130905,-1114.9052232463685,4,5,"2,3,4,5",1
robust_summary,green,sirloin steak,1,0,0.0,0,uniaxial,compression,49,0.9174380879183045,-1261.145305780173,-1494.7739888138678,-1104.719414724935,4,5,"2,3,4,5",1
robust_summary,green,sirloin steak,1,0,0.0,0,uniaxial,compression,50,0.9194629290739185,-1249.8191699607264,-1480.914193715322,-1095.8568021333704,4,5,"2,3,4,5",1
robust_summary,green,sirloin steak,1,0,0.0,0,uniaxial,compression,51,0.9214877702295323,-1238.42175582945,-1466.2487284620086,-1087.4965768060495,4,5,"2,3,4,5",1
robust_summary,green,sirloin steak,1,0,0.0,0,uniaxial,compression,52,0.9235126113851463,-1227.0243416986098,-1451.5832632086945,-1079.1363514787279,4,5,"2,3,4,5",1
robust_summary,green,sirloin steak,1,0,0.0,0,uniaxial,compression,53,0.9255374525407601,-1215.6269275681868,-1436.917797955381,-1070.776126151407,4,5,"2,3,4,5",1
robust_summary,green,sirloin steak,1,0,0.0,0,uniaxial,compression,54,0.9275622936963741,-1204.2295136258358,-1422.252332702067,-1062.4159008240854,4,5,"2,3,4,5",1
robust_summary,green,sirloin steak,1,0,0.0,0,uniaxial,compression,55,0.929587134851988,-1192.8320994795774,-1407.5868674487535,-1054.0556754967645,4,5,"2,3,4,5",1
robust_summary,green,sirloin steak,1,0,0.0,0,uniaxial,compression,56,0.9316119760076019,-1181.4346853348027,-1392.9214021954394,-1045.6954501694431,4,5,"2,3,4,5",1
robust_summary,green,sirloin steak,1,0,0.0,0,uniaxial,compression,57,0.9336368171632158,-1170.0372711914447,-1378.255936942126,-1037.335224842122,4,5,"2,3,4,5",1
robust_summary,green,sirloin steak,1,0,0.0,0,uniaxial,compression,58,0.9356616583188297,-1158.6398570494339,-1363.5904716888117,-1028.9749995148006,4,5,"2,3,4,5",1
robust_summary,green,sirloin steak,1,0,0.0,0,uniaxial,compression,59,0.9376864994744436,-1147.2424429087048,-1348.9250064354983,-1020.6147741874795,4,5,"2,3,4,5",1
robust_summary,green,sirloin steak,1,0,0.0,0,uniaxial,compression,60,0.9397113406300576,-1137.2015625730198,-1337.1225697869168,-1009.3762757340863,4,5,"2,3,4,5",1
robust_summary,green,sirloin steak,1,0,0.0,0,uniaxial,compression,61,0.9417361817856714,-1127.0205816860848,-1326.1107330410046,-996.8882080494925,4,5,"2,3,4,5",1
robust_summary,green,sirloin steak,1,0,0.0,0,uniaxial,compression,62,0.9437610229412854,-1116.83960097151,-1315.0988962950921,-984.4001403648981,4,5,"2,3,4,5",1
robust_summary,green,sirloin steak,1,0,0.0,0,uniaxial,compression,63,0.9457858640968992,-1106.6586202740393,-1304.0870595491801,-971.9120726803043,4,5,"2,3,4,5",1
robust_summary,green,sirloin steak,1,0,0.0,0,uniaxial,compression,64,0.9478107052525132,-1096.4776396024604,-1293.0752228032677,-959.4240049957098,4,5,"2,3,4,5",1
robust_summary,green,sirloin steak,1,0,0.0,0,uniaxial,compression,65,0.9498355464081272,-1086.2966587139279,-1282.063386057355,-946.9359373111154,4,5,"2,3,4,5",1
robust_summary,green,sirloin steak,1,0,0.0,0,uniaxial,compression,66,0.951860387563741,-1076.115678011288,-1271.051549311443,-934.4478696265215,4,5,"2,3,4,5",1
robust_summary,green,sirloin steak,1,0,0.0,0,uniaxial,compression,67,0.9538852287193549,-1065.9346973338058,-1260.039712565531,-921.9598019419277,4,5,"2,3,4,5",1
robust_summary,green,sirloin steak,1,0,0.0,0,uniaxial,compression,68,0.9559100698749688,-1055.753716695529,-1249.0278758196187,-909.4717342573333,4,5,"2,3,4,5",1
robust_summary,green,sirloin steak,1,0,0.0,0,uniaxial,compression,69,0.9579349110305828,-1045.4332701790206,-1237.7982265215562,-896.9836665727389,4,5,"2,3,4,5",1
robust_summary,green,sirloin steak,1,0,0.0,0,uniaxial,compression,70,0.9599597521861967,-1028.9408024718366,-1216.1280452938304,-881.959102025957,4,5,"2,3,4,5",1
robust_summary,green,sirloin steak,1,0,0.0,0,uniaxial,compression,71,0.9619845933418106,-1012.2024345928121,-1194.0734939622748,-866.309349242266,4,5,"2,3,4,5",1
robust_summary,green,sirloin steak,1,0,0.0,0,uniaxial,compression,72,0.9640094344974245,-995.4640664944556,-1172.0189426307202,-850.659596458576,4,5,"2,3,4,5",1
robust_summary,green,sirloin steak,1,0,0.0,0,uniaxial,compression,73,0.9660342756530385,-975.8041431122307,-1149.9643912991646,-835.0098436748849,4,5,"2,3,4,5",1
robust_summary,green,sirloin steak,1,0,0.0,0,uniaxial,compression,74,0.9680591168086523,-952.911172263769,-1127.90983996761,-819.3600908911948,4,5,"2,3,4,5",1
robust_summary,green,sirloin steak,1,0,0.0,0,uniaxial,compression,75,0.9700839579642663,-929.6951992492209,-1105.8552886360542,-803.7103381075038,4,5,"2,3,4,5",1
robust_summary,green,sirloin steak,1,0,0.0,0,uniaxial,compression,76,0.9721087991198802,-911.1868714933246,-1083.8007373044984,-788.0605853238128,4,5,"2,3,4,5",1
robust_summary,green,sirloin steak,1,0,0.0,0,uniaxial,compression,77,0.9741336402754941,-895.2512647824992,-1061.746185972944,-772.4108325401228,4,5,"2,3,4,5",1
robust_summary,green,sirloin steak,1,0,0.0,0,uniaxial,compression,78,0.976158481431108,-879.3156592427287,-1039.6916346413896,-756.7610797564327,4,5,"2,3,4,5",1
robust_summary,green,sirloin steak,1,0,0.0,0,uniaxial,compression,79,0.9781833225867219,-863.3800544690663,-1017.6370833098337,-741.1113269727416,4,5,"2,3,4,5",1
robust_summary,green,sirloin steak,2,24,1.0,0,uniaxial,compression,0,0.8175245736527137,-1730.8516321218372,-1833.2781857549844,-1680.1713939042181,4,5,"1,3,4,5",2
robust_summary,green,sirloin steak,2,24,1.0,0,uniaxial,compression,1,0.8195538739232189,-1713.012895493335,-1810.9708031409748,-1666.2039852320045,4,5,"1,3,4,5",2
robust_summary,green,sirloin steak,2,24,1.0,0,uniaxial,compression,2,0.8215831741937241,-1695.1741588297045,-1788.6634205269654,-1652.236576559791,4,5,"1,3,4,5",2
robust_summary,green,sirloin steak,2,24,1.0,0,uniaxial,compression,3,0.8236124744642294,-1677.335422209662,-1766.3560379129547,-1638.2691678875767,4,5,"1,3,4,5",2
robust_summary,green,sirloin steak,2,24,1.0,0,uniaxial,compression,4,0.8256417747347345,-1659.4966855352143,-1744.048655298945,-1624.3017592153633,4,5,"1,3,4,5",2
robust_summary,green,sirloin steak,2,24,1.0,0,uniaxial,compression,5,0.8276710750052397,-1642.0525907123063,-1721.7412726849357,-1612.785199194834,4,5,"1,3,4,5",2
robust_summary,green,sirloin steak,2,24,1.0,0,uniaxial,compression,6,0.8297003752757449,-1625.300308494634,-1699.4338900709263,-1605.5650108670245,4,5,"1,3,4,5",2
robust_summary,green,sirloin steak,2,24,1.0,0,uniaxial,compression,7,0.8317296755462502,-1608.5480262789897,-1677.1265074569155,-1598.3448225392146,4,5,"1,3,4,5",2
robust_summary,green,sirloin steak,2,24,1.0,0,uniaxial,compression,8,0.8337589758167554,-1591.795744059341,-1654.8191248429061,-1591.124634211405,4,5,"1,3,4,5",2
robust_summary,green,sirloin steak,2,24,1.0,0,uniaxial,compression,9,0.8357882760872606,-1576.4136151553316,-1645.2753602814596,-1571.1408278310328,4,5,"1,3,4,5",2
robust_summary,green,sirloin steak,2,24,1.0,0,uniaxial,compression,10,0.8378175763577658,-1561.8968644277224,-1638.9214999722524,-1549.8859635055305,4,5,"1,3,4,5",2
robust_summary,green,sirloin steak,2,24,1.0,0,uniaxial,compression,11,0.839846876628271,-1550.1067620229107,-1635.2383019103295,-1534.4183226315106,4,5,"1,3,4,5",2
robust_summary,green,sirloin steak,2,24,1.0,0,uniaxial,compression,12,0.8418761768987763,-1538.3166595685288,-1631.5551038484061,-1518.9506817574897,4,5,"1,3,4,5",2
robust_summary,green,sirloin steak,2,24,1.0,0,uniaxial,compression,13,0.8439054771692814,-1526.5265571495088,-1627.8719057864832,-1503.48304088347,4,5,"1,3,4,5",2
robust_summary,green,sirloin steak,2,24,1.0,0,uniaxial,compression,14,0.8459347774397866,-1514.7364547395543,-1624.1887077245601,-1488.01540000945,4,5,"1,3,4,5",2
robust_summary,green,sirloin steak,2,24,1.0,0,uniaxial,compression,15,0.8479640777102918,-1502.946352288783,-1620.5055096626372,-1472.5477591354302,4,5,"1,3,4,5",2
robust_summary,green,sirloin steak,2,24,1.0,0,uniaxial,compression,16,0.849993377980797,-1491.156249866158,-1616.822311600714,-1457.0801182614105,4,5,"1,3,4,5",2
robust_summary,green,sirloin steak,2,24,1.0,0,uniaxial,compression,17,0.8520226782513023,-1479.3661474465616,-1613.139113538791,-1441.6124773873896,4,5,"1,3,4,5",2
robust_summary,green,sirloin steak,2,24,1.0,0,uniaxial,compression,18,0.8540519785218075,-1467.576045031629,-1609.4559154768679,-1426.1448365133697,4,5,"1,3,4,5",2
robust_summary,green,sirloin steak,2,24,1.0,0,uniaxial,compression,19,0.8560812787923127,-1455.7859426235111,-1605.7727174149447,-1410.6771956393497,4,5,"1,3,4,5",2
robust_summary,green,sirloin steak,2,24,1.0,0,uniaxial,compression,20,0.8581105790628178,-1443.5395650537716,-1600.7142829495115,-1394.2367393879474,4,5,"1,3,4,5",2
robust_summary,green,sirloin steak,2,24,1.0,0,uniaxial,compression,21,0.860139879333323,-1429.5721171345062,-1591.3292066502631,-1375.92885525966,4,5,"1,3,4,5",2
robust_summary,green,sirloin steak,2,24,1.0,0,uniaxial,compression,22,0.8621691796038283,-1415.6046692155476,-1581.944130351014,-1357.6209711313713,4,5,"1,3,4,5",2
robust_summary,green,sirloin steak,2,24,1.0,0,uniaxial,compression,23,0.8641984798743335,-1401.6372212969045,-1572.5590540517658,-1339.3130870030839,4,5,"1,3,4,5",2
robust_summary,green,sirloin steak,2,24,1.0,0,uniaxial,compression,24,0.8662277801448387,-1387.669773299587,-1563.1739777525174,-1321.0052028747962,4,5,"1,3,4,5",2
robust_summary,green,sirloin steak,2,24,1.0,0,uniaxial,compression,25,0.8682570804153439,-1373.7023253755378,-1553.788901453269,-1302.6973187465087,4,5,"1,3,4,5",2
robust_summary,green,sirloin steak,2,24,1.0,0,uniaxial,compression,26,0.8702863806858492,-1359.7348774515244,-1544.40382515402,-1284.38943461822,4,5,"1,3,4,5",2
robust_summary,green,sirloin steak,2,24,1.0,0,uniaxial,compression,27,0.8723156809563544,-1345.7674295275488,-1535.0187488547717,-1266.0815504899326,4,5,"1,3,4,5",2
robust_summary,green,sirloin steak,2,24,1.0,0,uniaxial,compression,28,0.8743449812268596,-1331.7999816032116,-1525.6336725555234,-1247.7736663616452,4,5,"1,3,4,5",2
robust_summary,green,sirloin steak,2,24,1.0,0,uniaxial,compression,29,0.8763742814973647,-1317.8325336788455,-1516.248596256275,-1229.4657822333577,4,5,"1,3,4,5",2
robust_summary,green,sirloin steak,2,24,1.0,0,uniaxial,compression,30,0.8784035817678699,-1304.0419470799252,-1508.2481173196343,-1211.4461574465704,4,5,"1,3,4,5",2
robust_summary,green,sirloin steak,2,24,1.0,0,uniaxial,compression,31,0.8804328820383752,-1290.4937276783762,-1502.2358689025334,-1193.6722434715489,4,5,"1,3,4,5",2
robust_summary,green,sirloin steak,2,24,1.0,0,uniaxial,compression,32,0.8824621823088804,-1276.9455082768172,-1496.2236204854325,-1175.8983294965287,4,5,"1,3,4,5",2
robust_summary,green,sirloin steak,2,24,1.0,0,uniaxial,compression,33,0.8844914825793856,-1263.397288875247,-1490.211372068332,-1158.1244155215084,4,5,"1,3,4,5",2
robust_summary,green,sirloin steak,2,24,1.0,0,uniaxial,compression,34,0.8865207828498908,-1249.8490694736663,-1484.1991236512313,-1140.3505015464877,4,5,"1,3,4,5",2
robust_summary,green,sirloin steak,2,24,1.0,0,uniaxial,compression,35,0.8885500831203961,-1236.3008500720741,-1478.1868752341302,-1122.5765875714665,4,5,"1,3,4,5",2
robust_summary,green,sirloin steak,2,24,1.0,0,uniaxial,compression,36,0.8905793833909013,-1222.7526306704722,-1472.1746268170295,-1104.802673596446,4,5,"1,3,4,5",2
robust_summary,green,sirloin steak,2,24,1.0,0,uniaxial,compression,37,0.8926086836614064,-1209.2044112688593,-1466.162378399929,-1087.0287596214257,4,5,"1,3,4,5",2
robust_summary,green,sirloin steak,2,24,1.0,0,uniaxial,compression,38,0.8946379839319116,-1195.656191867237,-1460.1501299828283,-1069.2548456464053,4,5,"1,3,4,5",2
robust_summary,green,sirloin steak,2,24,1.0,0,uniaxial,compression,39,0.8966672842024168,-1182.1079724656045,-1454.1378815657276,-1051.480931671385,4,5,"1,3,4,5",2
robust_summary,green,sirloin steak,2,24,1.0,0,uniaxial,compression,40,0.8986965844729221,-1169.335373466538,-1444.4930037820363,-1037.1153362213477,4,5,"1,3,4,5",2
robust_summary,green,sirloin steak,2,24,1.0,0,uniaxial,compression,41,0.9007258847434273,-1157.7598065841266,-1431.4094100048062,-1026.494747830901,4,5,"1,3,4,5",2
robust_summary,green,sirloin steak,2,24,1.0,0,uniaxial,compression,42,0.9027551850139325,-1146.1842397017094,-1418.325816227576,-1015.8741594404542,4,5,"1,3,4,5",2
robust_summary,green,sirloin steak,2,24,1.0,0,uniaxial,compression,43,0.9047844852844377,-1134.6086728192865,-1405.2422224503462,-1005.2535710500074,4,5,"1,3,4,5",2
robust_summary,green,sirloin steak,2,24,1.0,0,uniaxial,compression,44,0.906813785554943,-1123.0331059368577,-1392.1586286731153,-994.6329826595601,4,5,"1,3,4,5",2
robust_summary,green,sirloin steak,2,24,1.0,0,uniaxial,compression,45,0.9088430858254481,-1111.4575390544242,-1379.0750348958852,-984.0123942691133,4,5,"1,3,4,5",2
robust_summary,green,sirloin steak,2,24,1.0,0,uniaxial,compression,46,0.9108723860959533,-1099.8819721719851,-1365.991441118655,-973.3918058786664,4,5,"1,3,4,5",2
robust_summary,green,sirloin steak,2,24,1.0,0,uniaxial,compression,47,0.9129016863664585,-1088.3064052895413,-1352.907847341425,-962.7712174882197,4,5,"1,3,4,5",2
robust_summary,green,sirloin steak,2,24,1.0,0,uniaxial,compression,48,0.9149309866369637,-1076.7308384070927,-1339.8242535641948,-952.150629097773,4,5,"1,3,4,5",2
robust_summary,green,sirloin steak,2,24,1.0,0,uniaxial,compression,49,0.9169602869074689,-1065.1552715246394,-1326.7406597869647,-941.5300407073263,4,5,"1,3,4,5",2
robust_summary,green,sirloin steak,2,24,1.0,0,uniaxial,compression,50,0.9189895871779742,-1052.7075470227498,-1314.2474178726989,-929.3455325953717,4,5,"1,3,4,5",2
robust_summary,green,sirloin steak,2,24,1.0,0,uniaxial,compression,51,0.9210188874484794,-1039.60620934685,-1302.1835623411052,-915.9287097832037,4,5,"1,3,4,5",2
robust_summary,green,sirloin steak,2,24,1.0,0,uniaxial,compression,52,0.9230481877189846,-1026.5048716709273,-1290.1197068095114,-902.5118869710357,4,5,"1,3,4,5",2
robust_summary,green,sirloin steak,2,24,1.0,0,uniaxial,compression,53,0.9250774879894897,-1013.4035339945117,-1278.0558512779178,-889.0950641588676,4,5,"1,3,4,5",2
robust_summary,green,sirloin steak,2,24,1.0,0,uniaxial,compression,54,0.927106788259995,-1000.3021963179656,-1265.9919957463233,-875.6782413466988,4,5,"1,3,4,5",2
robust_summary,green,sirloin steak,2,24,1.0,0,uniaxial,compression,55,0.9291360885305002,-987.2008586414737,-1253.9281402147296,-862.2614185345307,4,5,"1,3,4,5",2
robust_summary,green,sirloin steak,2,24,1.0,0,uniaxial,compression,56,0.9311653888010054,-974.0995209650317,-1241.8642846831358,-848.8445957223627,4,5,"1,3,4,5",2
robust_summary,green,sirloin steak,2,24,1.0,0,uniaxial,compression,57,0.9331946890715106,-960.9981832886348,-1229.8004291515422,-835.4277729101946,4,5,"1,3,4,5",2
robust_summary,green,sirloin steak,2,24,1.0,0,uniaxial,compression,58,0.9352239893420158,-947.8968456122799,-1217.7365736199483,-822.0109500980266,4,5,"1,3,4,5",2
robust_summary,green,sirloin steak,2,24,1.0,0,uniaxial,compression,59,0.9372532896125211,-934.7955079359631,-1205.672718088354,-808.5941272858578,4,5,"1,3,4,5",2
robust_summary,green,sirloin steak,2,24,1.0,0,uniaxial,compression,60,0.9392825898830263,-923.6897017493942,-1193.1142959199803,-797.1637121827539,4,5,"1,3,4,5",2
robust_summary,green,sirloin steak,2,24,1.0,0,uniaxial,compression,61,0.9413118901535314,-913.4841069378799,-1179.9200350483015,-786.6719919235131,4,5,"1,3,4,5",2
robust_summary,green,sirloin steak,2,24,1.0,0,uniaxial,compression,62,0.9433411904240366,-903.2785121267077,-1166.7257741766227,-776.1802716642724,4,5,"1,3,4,5",2
robust_summary,green,sirloin steak,2,24,1.0,0,uniaxial,compression,63,0.9453704906945419,-893.0729173139479,-1153.531513304943,-765.6885514050311,4,5,"1,3,4,5",2
robust_summary,green,sirloin steak,2,24,1.0,0,uniaxial,compression,64,0.9473997909650471,-882.8673225008562,-1140.3372524332644,-755.1968311457904,4,5,"1,3,4,5",2
robust_summary,green,sirloin steak,2,24,1.0,0,uniaxial,compression,65,0.9494290912355523,-872.6617276873812,-1127.1429915615856,-744.7051108865496,4,5,"1,3,4,5",2
robust_summary,green,sirloin steak,2,24,1.0,0,uniaxial,compression,66,0.9514583915060575,-862.4561328733346,-1113.9487306899066,-734.2133906273089,4,5,"1,3,4,5",2
robust_summary,green,sirloin steak,2,24,1.0,0,uniaxial,compression,67,0.9534876917765627,-852.250538141027,-1100.7544698182278,-723.7216703680682,4,5,"1,3,4,5",2
robust_summary,green,sirloin steak,2,24,1.0,0,uniaxial,compression,68,0.9555169920470679,-842.0449432925888,-1087.560208946549,-713.2299501088274,4,5,"1,3,4,5",2
robust_summary,green,sirloin steak,2,24,1.0,0,uniaxial,compression,69,0.9575462923175732,-831.8393484548171,-1074.3659480748695,-702.7382298495861,4,5,"1,3,4,5",2
robust_summary,green,sirloin steak,2,24,1.0,0,uniaxial,compression,70,0.9595755925880783,-817.2275747637892,-1062.2799124612927,-686.5872170739298,4,5,"1,3,4,5",2
robust_summary,green,sirloin steak,2,24,1.0,0,uniaxial,compression,71,0.9616048928585835,-801.4717243321923,-1050.4322559852485,-670.3090135473683,4,5,"1,3,4,5",2
robust_summary,green,sirloin steak,2,24,1.0,0,uniaxial,compression,72,0.9636341931290888,-785.7158739005941,-1038.5845995092036,-654.0308100208058,4,5,"1,3,4,5",2
robust_summary,green,sirloin steak,2,24,1.0,0,uniaxial,compression,73,0.965663493399594,-769.9600234689968,-1021.2880851512166,-637.7526064942443,4,5,"1,3,4,5",2
robust_summary,green,sirloin steak,2,24,1.0,0,uniaxial,compression,74,0.9676927936700992,-754.2041730373998,-1002.9523489691747,-621.4744029676829,4,5,"1,3,4,5",2
robust_summary,green,sirloin steak,2,24,1.0,0,uniaxial,compression,75,0.9697220939406044,-738.4483226058026,-984.6166127871329,-605.1961994411214,4,5,"1,3,4,5",2
robust_summary,green,sirloin steak,2,24,1.0,0,uniaxial,compression,76,0.9717513942111096,-722.6924721742055,-966.2808766050911,-588.9179959145599,4,5,"1,3,4,5",2
robust_summary,green,sirloin steak,2,24,1.0,0,uniaxial,compression,77,0.9737806944816148,-706.9366217426082,-947.9451404230492,-572.6397923879985,4,5,"1,3,4,5",2
robust_summary,green,sirloin steak,2,24,1.0,0,uniaxial,compression,78,0.97580999475212,-689.0526599701615,-929.6094042410064,-556.3615888614361,4,5,"1,3,4,5",2
robust_summary,green,sirloin steak,2,24,1.0,0,uniaxial,compression,79,0.9778392950226252,-670.5387941036744,-911.2736680589646,-540.0833853348746,4,5,"1,3,4,5",2
robust_summary,green,sirloin steak,3,48,2.0,0,uniaxial,compression,0,0.8175922936597043,-1715.05550166533,-1749.0951990575686,-1493.3723869394616,4,5,"1,2,3,4",5
robust_summary,green,sirloin steak,3,48,2.0,0,uniaxial,compression,1,0.8196234962169197,-1698.9780717876292,-1737.7358241330521,-1476.897498377069,4,5,"1,2,3,4",5
robust_summary,green,sirloin steak,3,48,2.0,0,uniaxial,compression,2,0.8216546987741351,-1682.900641892615,-1726.3764492085347,-1460.4226098146755,4,5,"1,2,3,4",5
robust_summary,green,sirloin steak,3,48,2.0,0,uniaxial,compression,3,0.8236859013313504,-1666.8232119978034,-1715.017074284018,-1443.947721252283,4,5,"1,2,3,4",5
robust_summary,green,sirloin steak,3,48,2.0,0,uniaxial,compression,4,0.8257171038885659,-1650.745782103434,-1703.6576993595008,-1427.4728326898896,4,5,"1,2,3,4",5
robust_summary,green,sirloin steak,3,48,2.0,0,uniaxial,compression,5,0.8277483064457812,-1634.6683522098656,-1692.2983244349841,-1410.997944127497,4,5,"1,2,3,4",5
robust_summary,green,sirloin steak,3,48,2.0,0,uniaxial,compression,6,0.8297795090029966,-1618.590922317612,-1680.9389495104674,-1394.5230555651044,4,5,"1,2,3,4",5
robust_summary,green,sirloin steak,3,48,2.0,0,uniaxial,compression,7,0.831810711560212,-1602.5134924274007,-1669.57957458595,-1378.048167002711,4,5,"1,2,3,4",5
robust_summary,green,sirloin steak,3,48,2.0,0,uniaxial,compression,8,0.8338419141174274,-1586.4360625307363,-1658.2201996614333,-1361.5732784403183,4,5,"1,2,3,4",5
robust_summary,green,sirloin steak,3,48,2.0,0,uniaxial,compression,9,0.8358731166746428,-1570.3586326330167,-1646.8608247369161,-1345.0983898779248,4,5,"1,2,3,4",5
robust_summary,green,sirloin steak,3,48,2.0,0,uniaxial,compression,10,0.8379043192318582,-1555.1659362485605,-1634.7318223824714,-1330.0845351997125,4,5,"1,2,3,4",5
robust_summary,green,sirloin steak,3,48,2.0,0,uniaxial,compression,11,0.8399355217890735,-1540.049883339354,-1618.9300248103384,-1317.4155784421018,4,5,"1,2,3,4",5
robust_summary,green,sirloin steak,3,48,2.0,0,uniaxial,compression,12,0.8419667243462889,-1524.9338304298767,-1603.1282272382048,-1304.7466216844905,4,5,"1,2,3,4",5
robust_summary,green,sirloin steak,3,48,2.0,0,uniaxial,compression,13,0.8439979269035043,-1509.8177775201475,-1587.3264296660718,-1292.0776649268798,4,5,"1,2,3,4",5
robust_summary,green,sirloin steak,3,48,2.0,0,uniaxial,compression,14,0.8460291294607197,-1494.7017246101825,-1571.5246320939382,-1279.4087081692683,4,5,"1,2,3,4",5
robust_summary,green,sirloin steak,3,48,2.0,0,uniaxial,compression,15,0.8480603320179351,-1479.585671700001,-1555.722834521805,-1266.7397514116576,4,5,"1,2,3,4",5
robust_summary,green,sirloin steak,3,48,2.0,0,uniaxial,compression,16,0.8500915345751505,-1464.4696187896188,-1539.9210369496714,-1254.0707946540463,4,5,"1,2,3,4",5
robust_summary,green,sirloin steak,3,48,2.0,0,uniaxial,compression,17,0.8521227371323659,-1449.3535658790527,-1524.1192393775384,-1241.4018378964356,4,5,"1,2,3,4",5
robust_summary,green,sirloin steak,3,48,2.0,0,uniaxial,compression,18,0.8541539396895812,-1434.2375129683187,-1508.3174418054057,-1228.732881138825,4,5,"1,2,3,4",5
robust_summary,green,sirloin steak,3,48,2.0,0,uniaxial,compression,19,0.8561851422467966,-1419.12146005743,-1492.5156442332718,-1216.0639243812136,4,5,"1,2,3,4",5
robust_summary,green,sirloin steak,3,48,2.0,0,uniaxial,compression,20,0.858216344804012,-1404.1213519047503,-1478.3330710564426,-1202.6462641756302,4,5,"1,2,3,4",5
robust_summary,green,sirloin steak,3,48,2.0,0,uniaxial,compression,21,0.8602475473612274,-1388.7046297661968,-1466.3337028619367,-1186.7904591080612,4,5,"1,2,3,4",5
robust_summary,green,sirloin steak,3,48,2.0,0,uniaxial,compression,22,0.8622787499184428,-1373.2879076266727,-1454.3343346674314,-1170.934654040493,4,5,"1,2,3,4",5
robust_summary,green,sirloin steak,3,48,2.0,0,uniaxial,compression,23,0.8643099524756581,-1357.871185485771,-1442.3349664729262,-1155.0788489729248,4,5,"1,2,3,4",5
robust_summary,green,sirloin steak,3,48,2.0,0,uniaxial,compression,24,0.8663411550328736,-1342.4544633429248,-1430.3355982784205,-1139.2230439053556,4,5,"1,2,3,4",5
robust_summary,green,sirloin steak,3,48,2.0,0,uniaxial,compression,25,0.8683723575900889,-1327.037741197349,-1418.3362300839153,-1123.3672388377875,4,5,"1,2,3,4",5
robust_summary,green,sirloin steak,3,48,2.0,0,uniaxial,compression,26,0.8704035601473044,-1311.6210190479514,-1406.3368618894094,-1107.5114337702182,4,5,"1,2,3,4",5
robust_summary,green,sirloin steak,3,48,2.0,0,uniaxial,compression,27,0.8724347627045197,-1296.204296893226,-1394.3374936949042,-1091.65562870265,4,5,"1,2,3,4",5
robust_summary,green,sirloin steak,3,48,2.0,0,uniaxial,compression,28,0.874465965261735,-1280.7875748123877,-1382.3381255003992,-1075.7998236350818,4,5,"1,2,3,4",5
robust_summary,green,sirloin steak,3,48,2.0,0,uniaxial,compression,29,0.8764971678189505,-1265.370852673264,-1370.3387573058933,-1059.9440185675126,4,5,"1,2,3,4",5
robust_summary,green,sirloin steak,3,48,2.0,0,uniaxial,compression,30,0.8785283703761658,-1251.930816638299,-1359.6123365110486,-1046.5668798005797,4,5,"1,2,3,4",5
robust_summary,green,sirloin steak,3,48,2.0,0,uniaxial,compression,31,0.8805595729333813,-1239.9426511684173,-1349.484325608818,-1035.5461705369912,4,5,"1,2,3,4",5
robust_summary,green,sirloin steak,3,48,2.0,0,uniaxial,compression,32,0.8825907754905966,-1227.954485698584,-1339.356314706588,-1024.5254612734034,4,5,"1,2,3,4",5
robust_summary,green,sirloin steak,3,48,2.0,0,uniaxial,compression,33,0.884621978047812,-1215.966320228805,-1329.228303804358,-1013.5047520098158,4,5,"1,2,3,4",5
robust_summary,green,sirloin steak,3,48,2.0,0,uniaxial,compression,34,0.8866531806050274,-1203.978154759086,-1319.1002929021272,-1002.4840427462274,4,5,"1,2,3,4",5
robust_summary,green,sirloin steak,3,48,2.0,0,uniaxial,compression,35,0.8886843831622427,-1191.9899892894357,-1308.9722819998972,-991.4633334826395,4,5,"1,2,3,4",5
robust_summary,green,sirloin steak,3,48,2.0,0,uniaxial,compression,36,0.8907155857194582,-1180.0018238198622,-1298.8442710976667,-980.4426242190511,4,5,"1,2,3,4",5
robust_summary,green,sirloin steak,3,48,2.0,0,uniaxial,compression,37,0.8927467882766735,-1168.0136583503765,-1288.7162601954365,-969.4219149554634,4,5,"1,2,3,4",5
robust_summary,green,sirloin steak,3,48,2.0,0,uniaxial,compression,38,0.8947779908338889,-1156.0254928105016,-1278.5882492932064,-958.4012056918757,4,5,"1,2,3,4",5
robust_summary,green,sirloin steak,3,48,2.0,0,uniaxial,compression,39,0.8968091933911043,-1144.0373273538585,-1268.460238390976,-947.3804964282872,4,5,"1,2,3,4",5
robust_summary,green,sirloin steak,3,48,2.0,0,uniaxial,compression,40,0.8988403959483197,-1129.9256169197427,-1257.066571328788,-933.6532084042075,4,5,"1,2,3,4",5
robust_summary,green,sirloin steak,3,48,2.0,0,uniaxial,compression,41,0.9008715985055351,-1112.7426000605249,-1243.7219285505153,-916.132088616918,4,5,"1,2,3,4",5
robust_summary,green,sirloin steak,3,48,2.0,0,uniaxial,compression,42,0.9029028010627504,-1095.5595831266105,-1230.3772857722429,-898.6109688296295,4,5,"1,2,3,4",5
robust_summary,green,sirloin steak,3,48,2.0,0,uniaxial,compression,43,0.9049340036199658,-1078.376566181142,-1217.0326429939705,-881.089849042341,4,5,"1,2,3,4",5
robust_summary,green,sirloin steak,3,48,2.0,0,uniaxial,compression,44,0.9069652061771812,-1061.1935492141417,-1203.6880002156977,-863.5687292550515,4,5,"1,2,3,4",5
robust_summary,green,sirloin steak,3,48,2.0,0,uniaxial,compression,45,0.9089964087343966,-1044.0105323674318,-1190.3433574374253,-846.047609467763,4,5,"1,2,3,4",5
robust_summary,green,sirloin steak,3,48,2.0,0,uniaxial,compression,46,0.911027611291612,-1026.8275154262212,-1176.9987146591525,-828.5264896804736,4,5,"1,2,3,4",5
robust_summary,green,sirloin steak,3,48,2.0,0,uniaxial,compression,47,0.9130588138488274,-1009.6444984657142,-1163.65407188088,-811.0053698931849,4,5,"1,2,3,4",5
robust_summary,green,sirloin steak,3,48,2.0,0,uniaxial,compression,48,0.9150900164060427,-992.4614816021025,-1150.3094291026077,-793.4842501058964,4,5,"1,2,3,4",5
robust_summary,green,sirloin steak,3,48,2.0,0,uniaxial,compression,49,0.9171212189632582,-976.422983324879,-1136.964786324335,-775.963130318607,4,5,"1,2,3,4",5
robust_summary,green,sirloin steak,3,48,2.0,0,uniaxial,compression,50,0.9191524215204735,-964.4939744506945,-1126.0611633372027,-763.5071831025407,4,5,"1,2,3,4",5
robust_summary,green,sirloin steak,3,48,2.0,0,uniaxial,compression,51,0.921183624077689,-952.2341084295409,-1115.8474021893699,-752.1681844315594,4,5,"1,2,3,4",5
robust_summary,green,sirloin steak,3,48,2.0,0,uniaxial,compression,52,0.9232148266349043,-939.9742424083878,-1105.6336410415372,-740.8291857605786,4,5,"1,2,3,4",5
robust_summary,green,sirloin steak,3,48,2.0,0,uniaxial,compression,53,0.9252460291921196,-927.7143763872351,-1095.4198798937048,-729.4901870895978,4,5,"1,2,3,4",5
robust_summary,green,sirloin steak,3,48,2.0,0,uniaxial,compression,54,0.9272772317493351,-915.4545103660815,-1079.4778817741355,-718.1511884186166,4,5,"1,2,3,4",5
robust_summary,green,sirloin steak,3,48,2.0,0,uniaxial,compression,55,0.9293084343065504,-903.1946443449285,-1063.2061789855704,-706.8121897476359,4,5,"1,2,3,4",5
robust_summary,green,sirloin steak,3,48,2.0,0,uniaxial,compression,56,0.9313396368637659,-890.9347783237748,-1046.9344761970042,-695.4731910766545,4,5,"1,2,3,4",5
robust_summary,green,sirloin steak,3,48,2.0,0,uniaxial,compression,57,0.9333708394209812,-878.6749123026219,-1030.662773408439,-684.1341924056738,4,5,"1,2,3,4",5
robust_summary,green,sirloin steak,3,48,2.0,0,uniaxial,compression,58,0.9354020419781965,-866.4150462814691,-1014.391070619874,-672.7951937346932,4,5,"1,2,3,4",5
robust_summary,green,sirloin steak,3,48,2.0,0,uniaxial,compression,59,0.937433244535412,-854.1553394598675,-998.1193678313081,-661.456482706671,4,5,"1,2,3,4",5
robust_summary,green,sirloin steak,3,48,2.0,0,uniaxial,compression,60,0.9394644470926273,-841.8663540008658,-982.9023220594186,-650.800778257043,4,5,"1,2,3,4",5
robust_summary,green,sirloin steak,3,48,2.0,0,uniaxial,compression,61,0.9414956496498428,-829.7977984243797,-969.2221045574439,-639.8763352070604,4,5,"1,2,3,4",5
robust_summary,green,sirloin steak,3,48,2.0,0,uniaxial,compression,62,0.9435268522070581,-817.7292428478946,-955.5418870554702,-628.9518921570783,4,5,"1,2,3,4",5
robust_summary,green,sirloin steak,3,48,2.0,0,uniaxial,compression,63,0.9455580547642735,-805.6606872714092,-941.8616695534964,-618.0274491070963,4,5,"1,2,3,4",5
robust_summary,green,sirloin steak,3,48,2.0,0,uniaxial,compression,64,0.9475892573214889,-793.5921316949232,-928.1814520515219,-611.3125111940222,4,5,"1,2,3,4",5
robust_summary,green,sirloin steak,3,48,2.0,0,uniaxial,compression,65,0.9496204598787044,-781.5235761184373,-914.5012345495473,-605.9299380461788,4,5,"1,2,3,4",5
robust_summary,green,sirloin steak,3,48,2.0,0,uniaxial,compression,66,0.9516516624359197,-769.4550205419519,-900.8210170475736,-600.5473648983357,4,5,"1,2,3,4",5
robust_summary,green,sirloin steak,3,48,2.0,0,uniaxial,compression,67,0.953682864993135,-757.3864649654666,-887.1407995455997,-595.1647917504924,4,5,"1,2,3,4",5
robust_summary,green,sirloin steak,3,48,2.0,0,uniaxial,compression,68,0.9557140675503504,-745.3179093889813,-873.460582043626,-589.7822186026494,4,5,"1,2,3,4",5
robust_summary,green,sirloin steak,3,48,2.0,0,uniaxial,compression,69,0.9577452701075658,-733.2493538124955,-859.7803645416515,-584.399645454806,4,5,"1,2,3,4",5
robust_summary,green,sirloin steak,3,48,2.0,0,uniaxial,compression,70,0.9597764726647813,-720.3704958041816,-842.2301746457935,-572.1673211339643,4,5,"1,2,3,4",5
robust_summary,green,sirloin steak,3,48,2.0,0,uniaxial,compression,71,0.9618076752219966,-707.0615239171219,-823.29223324782,-559.686350815165,4,5,"1,2,3,4",5
robust_summary,green,sirloin steak,3,48,2.0,0,uniaxial,compression,72,0.963838877779212,-693.752552030062,-804.3542918498466,-547.2053804963658,4,5,"1,2,3,4",5
robust_summary,green,sirloin steak,3,48,2.0,0,uniaxial,compression,73,0.9658700803364274,-678.5494887884302,-785.4163504518722,-534.724410177566,4,5,"1,2,3,4",5
robust_summary,green,sirloin steak,3,48,2.0,0,uniaxial,compression,74,0.9679012828936427,-660.8600913575073,-766.4784090538988,-522.2434398587668,4,5,"1,2,3,4",5
robust_summary,green,sirloin steak,3,48,2.0,0,uniaxial,compression,75,0.9699324854508582,-643.1706937259512,-747.5404676559244,-509.7624695399669,4,5,"1,2,3,4",5
robust_summary,green,sirloin steak,3,48,2.0,0,uniaxial,compression,76,0.9719636880080735,-625.4812962544557,-728.6025262579509,-497.28149922116773,4,5,"1,2,3,4",5
robust_summary,green,sirloin steak,3,48,2.0,0,uniaxial,compression,77,0.9739948905652889,-607.7918986336015,-709.6645848599775,-484.80052890236846,4,5,"1,2,3,4",5
robust_summary,green,sirloin steak,3,48,2.0,0,uniaxial,compression,78,0.9760260931225043,-590.6509102365332,-690.726643462003,-473.28726597410446,4,5,"1,2,3,4",5
robust_summary,green,sirloin steak,3,48,2.0,0,uniaxial,compression,79,0.9780572956797197,-575.0586760860132,-671.7887020640297,-464.50689184543995,4,5,"1,2,3,4",5
robust_summary,red,new york strip steak,1,0,0.0,0,uniaxial,compression,0,0.8177353970543052,-1496.734658588027,-1914.3421375874084,-1296.5321274076318,5,5,"1,2,3,4,5",
robust_summary,red,new york strip steak,1,0,0.0,0,uniaxial,compression,1,0.8197657898723772,-1478.2397672909256,-1892.1893075000348,-1284.0575700586962,5,5,"1,2,3,4,5",
robust_summary,red,new york strip steak,1,0,0.0,0,uniaxial,compression,2,0.8217961826904493,-1459.7448759937931,-1870.0364774126613,-1271.5830127097606,5,5,"1,2,3,4,5",
robust_summary,red,new york strip steak,1,0,0.0,0,uniaxial,compression,3,0.8238265755085215,-1441.2499846976914,-1847.8836473252868,-1259.1084553608243,5,5,"1,2,3,4,5",
robust_summary,red,new york strip steak,1,0,0.0,0,uniaxial,compression,4,0.8258569683265935,-1422.755093402276,-1825.7308172379132,-1246.6338980118887,5,5,"1,2,3,4,5",
robust_summary,red,new york strip steak,1,0,0.0,0,uniaxial,compression,5,0.8278873611446655,-1404.2602021065059,-1803.57798715054,-1234.1593406629534,5,5,"1,2,3,4,5",
robust_summary,red,new york strip steak,1,0,0.0,0,uniaxial,compression,6,0.8299177539627376,-1385.7653108104068,-1781.4251570631664,-1221.6847833140177,5,5,"1,2,3,4,5",
robust_summary,red,new york strip steak,1,0,0.0,0,uniaxial,compression,7,0.8319481467808096,-1367.2704195140054,-1759.272326975793,-1209.2102259650821,5,5,"1,2,3,4,5",
robust_summary,red,new york strip steak,1,0,0.0,0,uniaxial,compression,8,0.8339785395988818,-1348.7755282173293,-1737.1194968884183,-1196.7356686161459,5,5,"1,2,3,4,5",
robust_summary,red,new york strip steak,1,0,0.0,0,uniaxial,compression,9,0.8360089324169538,-1330.2806369204084,-1714.9666668010448,-1184.2611112672103,5,5,"1,2,3,4,5",
robust_summary,red,new york strip steak,1,0,0.0,0,uniaxial,compression,10,0.8380393252350259,-1311.6884140305651,-1691.5990979635699,-1170.7647344646944,5,5,"1,2,3,4,5",
robust_summary,red,new york strip steak,1,0,0.0,0,uniaxial,compression,11,0.8400697180530979,-1294.2834841265444,-1665.7274599849502,-1156.4410663483966,5,5,"1,2,3,4,5",
robust_summary,red,new york strip steak,1,0,0.0,0,uniaxial,compression,12,0.84210011087117,-1276.87855422233,-1639.8558220063308,-1142.117398232099,5,5,"1,2,3,4,5",
robust_summary,red,new york strip steak,1,0,0.0,0,uniaxial,compression,13,0.8441305036892421,-1259.4736243178988,-1613.9841840277097,-1127.7937301158006,5,5,"1,2,3,4,5",
robust_summary,red,new york strip steak,1,0,0.0,0,uniaxial,compression,14,0.8461608965073142,-1242.0686944132294,-1588.11254604909,-1113.4700619995028,5,5,"1,2,3,4,5",
robust_summary,red,new york strip steak,1,0,0.0,0,uniaxial,compression,15,0.8481912893253862,-1224.663764508298,-1562.2409080704704,-1099.1463938832053,5,5,"1,2,3,4,5",
robust_summary,red,new york strip steak,1,0,0.0,0,uniaxial,compression,16,0.8502216821434583,-1207.2588346030814,-1536.369270091851,-1084.8227257669078,5,5,"1,2,3,4,5",
robust_summary,red,new york strip steak,1,0,0.0,0,uniaxial,compression,17,0.8522520749615303,-1189.8539046975554,-1510.4976321132312,-1070.49905765061,5,5,"1,2,3,4,5",
robust_summary,red,new york strip steak,1,0,0.0,0,uniaxial,compression,18,0.8542824677796024,-1172.4489747935686,-1484.6259941346116,-1056.1753895343124,5,5,"1,2,3,4,5",
robust_summary,red,new york strip steak,1,0,0.0,0,uniaxial,compression,19,0.8563128605976745,-1154.7878237964733,-1458.7543561559905,-1041.851721418014,5,5,"1,2,3,4,5",
robust_summary,red,new york strip steak,1,0,0.0,0,uniaxial,compression,20,0.8583432534157466,-1140.6468854219893,-1439.5699090928015,-1029.9647724821039,5,5,"1,2,3,4,5",
robust_summary,red,new york strip steak,1,0,0.0,0,uniaxial,compression,21,0.8603736462338186,-1130.373906326118,-1424.7198342365643,-1020.7201246732836,5,5,"1,2,3,4,5",
robust_summary,red,new york strip steak,1,0,0.0,0,uniaxial,compression,22,0.8624040390518907,-1119.9152871313809,-1409.8697593803274,-1011.4754768644635,5,5,"1,2,3,4,5",
robust_summary,red,new york strip steak,1,0,0.0,0,uniaxial,compression,23,0.8644344318699627,-1109.3707336628024,-1395.0196845240903,-1002.2308290556434,5,5,"1,2,3,4,5",
robust_summary,red,new york strip steak,1,0,0.0,0,uniaxial,compression,24,0.8664648246880349,-1098.8261801942176,-1380.1696096678522,-992.9861812468229,5,5,"1,2,3,4,5",
robust_summary,red,new york strip steak,1,0,0.0,0,uniaxial,compression,25,0.8684952175061069,-1088.2816267256283,-1365.3195348116153,-983.7415334380028,5,5,"1,2,3,4,5",
robust_summary,red,new york strip steak,1,0,0.0,0,uniaxial,compression,26,0.870525610324179,-1077.7370732570332,-1350.4694599553782,-974.4968856291827,5,5,"1,2,3,4,5",
robust_summary,red,new york strip steak,1,0,0.0,0,uniaxial,compression,27,0.872556003142251,-1067.192519788812,-1335.619385099141,-965.2522378203626,5,5,"1,2,3,4,5",
robust_summary,red,new york strip steak,1,0,0.0,0,uniaxial,compression,28,0.8745863959603231,-1056.64796632067,-1320.7693102429039,-956.0075900115424,5,5,"1,2,3,4,5",
robust_summary,red,new york strip steak,1,0,0.0,0,uniaxial,compression,29,0.8766167887783952,-1046.103412852469,-1305.919235386666,-946.7629422027218,5,5,"1,2,3,4,5",
robust_summary,red,new york strip steak,1,0,0.0,0,uniaxial,compression,30,0.8786471815964673,-1034.2242067138552,-1289.5098520730044,-936.3367470545022,5,5,"1,2,3,4,5",
robust_summary,red,new york strip steak,1,0,0.0,0,uniaxial,compression,31,0.8806775744145393,-1021.1113802111215,-1272.1539607925158,-925.1823874922395,5,5,"1,2,3,4,5",
robust_summary,red,new york strip steak,1,0,0.0,0,uniaxial,compression,32,0.8827079672326114,-1007.9985537087463,-1254.7980695120275,-914.0280279299768,5,5,"1,2,3,4,5",
robust_summary,red,new york strip steak,1,0,0.0,0,uniaxial,compression,33,0.8847383600506834,-994.1243494314913,-1237.442178231539,-902.8736683677141,5,5,"1,2,3,4,5",
robust_summary,red,new york strip steak,1,0,0.0,0,uniaxial,compression,34,0.8867687528687556,-980.2193892524176,-1220.0862869510497,-891.7193088054509,5,5,"1,2,3,4,5",
robust_summary,red,new york strip steak,1,0,0.0,0,uniaxial,compression,35,0.8887991456868276,-966.3144290733024,-1202.7303956705614,-880.5649492431883,5,5,"1,2,3,4,5",
robust_summary,red,new york strip steak,1,0,0.0,0,uniaxial,compression,36,0.8908295385048997,-952.4094688941585,-1185.3745043900728,-869.4105896809256,5,5,"1,2,3,4,5",
robust_summary,red,new york strip steak,1,0,0.0,0,uniaxial,compression,37,0.8928599313229717,-938.504508714996,-1168.0186131095845,-858.2562301186629,5,5,"1,2,3,4,5",
robust_summary,red,new york strip steak,1,0,0.0,0,uniaxial,compression,38,0.8948903241410437,-924.5995485358229,-1150.662721829096,-847.1018705564002,5,5,"1,2,3,4,5",
robust_summary,red,new york strip steak,1,0,0.0,0,uniaxial,compression,39,0.8969207169591158,-910.6945883566455,-1133.3068305486076,-835.9475109941376,5,5,"1,2,3,4,5",
robust_summary,red,new york strip steak,1,0,0.0,0,uniaxial,compression,40,0.898951109777188,-900.3473453411585,-1120.3059284501421,-826.8394020441219,5,5,"1,2,3,4,5",
robust_summary,red,new york strip steak,1,0,0.0,0,uniaxial,compression,41,0.90098150259526,-892.0579714503357,-1109.2756154278038,-818.9915926485404,5,5,"1,2,3,4,5",
robust_summary,red,new york strip steak,1,0,0.0,0,uniaxial,compression,42,0.903011895413332,-883.7685975595131,-1098.2453024054657,-811.1437832529589,5,5,"1,2,3,4,5",
robust_summary,red,new york strip steak,1,0,0.0,0,uniaxial,compression,43,0.9050422882314041,-875.4792236686902,-1087.2149893831274,-803.2959738573774,5,5,"1,2,3,4,5",
robust_summary,red,new york strip steak,1,0,0.0,0,uniaxial,compression,44,0.9070726810494761,-867.1898497778675,-1076.1846763607894,-795.4481644617958,5,5,"1,2,3,4,5",
robust_summary,red,new york strip steak,1,0,0.0,0,uniaxial,compression,45,0.9091030738675483,-858.9004758870441,-1065.1543633384506,-787.6003550662139,5,5,"1,2,3,4,5",
robust_summary,red,new york strip steak,1,0,0.0,0,uniaxial,compression,46,0.9111334666856203,-850.6111019962215,-1054.1240503161123,-779.7525456706323,5,5,"1,2,3,4,5",
robust_summary,red,new york strip steak,1,0,0.0,0,uniaxial,compression,47,0.9131638595036924,-842.3217281053984,-1043.0937372937742,-771.9047362750508,5,5,"1,2,3,4,5",
robust_summary,red,new york strip steak,1,0,0.0,0,uniaxial,compression,48,0.9151942523217644,-834.0323542145757,-1032.063424271436,-764.0569268794693,5,5,"1,2,3,4,5",
robust_summary,red,new york strip steak,1,0,0.0,0,uniaxial,compression,49,0.9172246451398365,-825.7429803237528,-1021.0331112490978,-756.2091174838878,5,5,"1,2,3,4,5",
robust_summary,red,new york strip steak,1,0,0.0,0,uniaxial,compression,50,0.9192550379579086,-816.0867314098122,-1008.495938667433,-747.789366465174,5,5,"1,2,3,4,5",
robust_summary,red,new york strip steak,1,0,0.0,0,uniaxial,compression,51,0.9212854307759807,-806.1421171351991,-995.835655679836,-739.1768680686596,5,5,"1,2,3,4,5",
robust_summary,red,new york strip steak,1,0,0.0,0,uniaxial,compression,52,0.9233158235940527,-796.1975028605033,-983.1753726922389,-730.5643696721451,5,5,"1,2,3,4,5",
robust_summary,red,new york strip steak,1,0,0.0,0,uniaxial,compression,53,0.9253462164121248,-786.2528886041365,-970.5150897046418,-721.9518712756305,5,5,"1,2,3,4,5",
robust_summary,red,new york strip steak,1,0,0.0,0,uniaxial,compression,54,0.9273766092301968,-776.3082743250104,-957.8548067170447,-713.3393728791161,5,5,"1,2,3,4,5",
robust_summary,red,new york strip steak,1,0,0.0,0,uniaxial,compression,55,0.929407002048269,-766.3636600469347,-945.1945237294469,-704.7268744826011,5,5,"1,2,3,4,5",
robust_summary,red,new york strip steak,1,0,0.0,0,uniaxial,compression,56,0.931437394866341,-756.4190457696922,-932.5342407418498,-696.1143760860866,5,5,"1,2,3,4,5",
robust_summary,red,new york strip steak,1,0,0.0,0,uniaxial,compression,57,0.9334677876844131,-746.474431493106,-919.8739577542527,-687.5018776895722,5,5,"1,2,3,4,5",
robust_summary,red,new york strip steak,1,0,0.0,0,uniaxial,compression,58,0.9354981805024851,-736.5298172170329,-907.2136747666557,-678.8893792930577,5,5,"1,2,3,4,5",
robust_summary,red,new york strip steak,1,0,0.0,0,uniaxial,compression,59,0.9375285733205572,-726.6217927154294,-894.5533917790585,-670.2768808965432,5,5,"1,2,3,4,5",
robust_summary,red,new york strip steak,1,0,0.0,0,uniaxial,compression,60,0.9395589661386292,-718.5652236213642,-884.846520565396,-663.6744904346174,5,5,"1,2,3,4,5",
robust_summary,red,new york strip steak,1,0,0.0,0,uniaxial,compression,61,0.9415893589567014,-711.0008416656689,-875.8341815487317,-658.0856050132188,5,5,"1,2,3,4,5",
robust_summary,red,new york strip steak,1,0,0.0,0,uniaxial,compression,62,0.9436197517747734,-703.4364597098834,-866.8218425320681,-652.4967195918206,5,5,"1,2,3,4,5",
robust_summary,red,new york strip steak,1,0,0.0,0,uniaxial,compression,63,0.9456501445928455,-695.8720777540176,-857.8095035154045,-646.9078341704223,5,5,"1,2,3,4,5",
robust_summary,red,new york strip steak,1,0,0.0,0,uniaxial,compression,64,0.9476805374109175,-688.3076957980821,-848.7971644987408,-641.3189487490241,5,5,"1,2,3,4,5",
robust_summary,red,new york strip steak,1,0,0.0,0,uniaxial,compression,65,0.9497109302289897,-680.7433138420873,-839.7848254820766,-635.7300633276255,5,5,"1,2,3,4,5",
robust_summary,red,new york strip steak,1,0,0.0,0,uniaxial,compression,66,0.9517413230470617,-673.1789318860446,-830.772486465413,-630.1411779062273,5,5,"1,2,3,4,5",
robust_summary,red,new york strip steak,1,0,0.0,0,uniaxial,compression,67,0.9537717158651338,-665.6145499299639,-821.7601474487492,-624.5522924848291,5,5,"1,2,3,4,5",
robust_summary,red,new york strip steak,1,0,0.0,0,uniaxial,compression,68,0.9558021086832058,-658.050167973855,-812.7478084320855,-618.9634070634309,5,5,"1,2,3,4,5",
robust_summary,red,new york strip steak,1,0,0.0,0,uniaxial,compression,69,0.9578325015012779,-650.3717098169074,-803.3435296235419,-613.3745216420326,5,5,"1,2,3,4,5",
robust_summary,red,new york strip steak,1,0,0.0,0,uniaxial,compression,70,0.9598628943193499,-634.2791737717776,-781.3223640541255,-598.718398951354,5,5,"1,2,3,4,5",
robust_summary,red,new york strip steak,1,0,0.0,0,uniaxial,compression,71,0.961893287137422,-614.5102573471734,-759.301198484709,-582.6319101789816,5,5,"1,2,3,4,5",
robust_summary,red,new york strip steak,1,0,0.0,0,uniaxial,compression,72,0.9639236799554941,-601.1649897528375,-737.2800329152914,-566.5454214066082,5,5,"1,2,3,4,5",
robust_summary,red,new york strip steak,1,0,0.0,0,uniaxial,compression,73,0.9659540727735662,-585.0667674568148,-715.2588673458749,-550.4589326342357,5,5,"1,2,3,4,5",
robust_summary,red,new york strip steak,1,0,0.0,0,uniaxial,compression,74,0.9679844655916382,-568.9685451564367,-693.2377017764584,-534.3724438618632,5,5,"1,2,3,4,5",
robust_summary,red,new york strip steak,1,0,0.0,0,uniaxial,compression,75,0.9700148584097102,-552.8703228555997,-671.2165362070419,-518.2859550894908,5,5,"1,2,3,4,5",
robust_summary,red,new york strip steak,1,0,0.0,0,uniaxial,compression,76,0.9720452512277824,-535.7372799855916,-649.1953706376244,-502.1994663171174,5,5,"1,2,3,4,5",
robust_summary,red,new york strip steak,1,0,0.0,0,uniaxial,compression,77,0.9740756440458544,-518.2355164985768,-627.1742050682078,-486.1129775447449,5,5,"1,2,3,4,5",
robust_summary,red,new york strip steak,1,0,0.0,0,uniaxial,compression,78,0.9761060368639265,-492.62773817615306,-605.1530394987914,-470.0264887723725,5,5,"1,2,3,4,5",
robust_summary,red,new york strip steak,1,0,0.0,0,uniaxial,compression,79,0.9781364296819985,-467.01995986859964,-583.1318739293749,-453.94,5,5,"1,2,3,4,5",
robust_summary,red,new york strip steak,2,24,1.0,0,uniaxial,compression,0,0.8175328376231876,-1839.780373602356,-2384.9151312162035,-1441.4936001881683,4,5,"1,2,4,5",3
robust_summary,red,new york strip steak,2,24,1.0,0,uniaxial,compression,1,0.8195611055013752,-1821.5011313399664,-2362.0391862607426,-1429.4965424251684,4,5,"1,2,4,5",3
robust_summary,red,new york strip steak,2,24,1.0,0,uniaxial,compression,2,0.8215893733795626,-1803.2218890775775,-2332.4898643936995,-1417.499484662169,4,5,"1,2,4,5",3
robust_summary,red,new york strip steak,2,24,1.0,0,uniaxial,compression,3,0.8236176412577502,-1784.9426468151876,-2295.7122747211806,-1405.502426899169,4,5,"1,2,4,5",3
robust_summary,red,new york strip steak,2,24,1.0,0,uniaxial,compression,4,0.8256459091359376,-1766.6634045527987,-2258.9346850486636,-1393.5053691361695,4,5,"1,2,4,5",3
robust_summary,red,new york strip steak,2,24,1.0,0,uniaxial,compression,5,0.8276741770141252,-1748.3841622904088,-2222.157095376145,-1381.5083113731696,4,5,"1,2,4,5",3
robust_summary,red,new york strip steak,2,24,1.0,0,uniaxial,compression,6,0.8297024448923126,-1730.10492002802,-2185.3795057036286,-1369.5112536101701,4,5,"1,2,4,5",3
robust_summary,red,new york strip steak,2,24,1.0,0,uniaxial,compression,7,0.8317307127705001,-1711.8256777656304,-2148.60191603111,-1357.5141958471702,4,5,"1,2,4,5",3
robust_summary,red,new york strip steak,2,24,1.0,0,uniaxial,compression,8,0.8337589806486876,-1693.5464355032416,-2111.8243263585928,-1345.5171380841707,4,5,"1,2,4,5",3
robust_summary,red,new york strip steak,2,24,1.0,0,uniaxial,compression,9,0.8357872485268751,-1674.8514609116085,-2075.0467366860744,-1333.5200803211708,4,5,"1,2,4,5",3
robust_summary,red,new york strip steak,2,24,1.0,0,uniaxial,compression,10,0.8378155164050626,-1649.934581601663,-2040.9200471211832,-1323.7541855900029,4,5,"1,2,4,5",3
robust_summary,red,new york strip steak,2,24,1.0,0,uniaxial,compression,11,0.8398437842832501,-1633.1979067381742,-2018.7203183409197,-1315.0059467564622,4,5,"1,2,4,5",3
robust_summary,red,new york strip steak,2,24,1.0,0,uniaxial,compression,12,0.8418720521614376,-1616.4612318735149,-1996.5205895606573,-1306.2577079229218,4,5,"1,2,4,5",3
robust_summary,red,new york strip steak,2,24,1.0,0,uniaxial,compression,13,0.8439003200396251,-1599.7245570083453,-1974.3208607803936,-1297.509469089381,4,5,"1,2,4,5",3
robust_summary,red,new york strip steak,2,24,1.0,0,uniaxial,compression,14,0.8459285879178126,-1582.987882143194,-1952.121132000131,-1288.7612302558407,4,5,"1,2,4,5",3
robust_summary,red,new york strip steak,2,24,1.0,0,uniaxial,compression,15,0.8479568557960001,-1566.2512072784687,-1929.9214032198672,-1280.0129914222998,4,5,"1,2,4,5",3
robust_summary,red,new york strip steak,2,24,1.0,0,uniaxial,compression,16,0.8499851236741875,-1549.5145324144821,-1907.721674439605,-1271.2647525887594,4,5,"1,2,4,5",3
robust_summary,red,new york strip steak,2,24,1.0,0,uniaxial,compression,17,0.8520133915523751,-1532.77785755146,-1885.5219456593413,-1262.5165137552185,4,5,"1,2,4,5",3
robust_summary,red,new york strip steak,2,24,1.0,0,uniaxial,compression,18,0.8540416594305626,-1516.0411826895604,-1863.3222168790776,-1253.7682749216779,4,5,"1,2,4,5",3
robust_summary,red,new york strip steak,2,24,1.0,0,uniaxial,compression,19,0.8560699273087501,-1499.3045078288853,-1841.122488098815,-1245.0200360881374,4,5,"1,2,4,5",3
robust_summary,red,new york strip steak,2,24,1.0,0,uniaxial,compression,20,0.8580981951869376,-1481.3197357924112,-1818.6068474808317,-1234.3089493817943,4,5,"1,2,4,5",3
robust_summary,red,new york strip steak,2,24,1.0,0,uniaxial,compression,21,0.8601264630651251,-1460.734621110268,-1793.0986062895852,-1223.2160794938595,4,5,"1,2,4,5",3
robust_summary,red,new york strip steak,2,24,1.0,0,uniaxial,compression,22,0.8621547309433126,-1440.1495065965632,-1767.5903650983375,-1212.1232096059239,4,5,"1,2,4,5",3
robust_summary,red,new york strip steak,2,24,1.0,0,uniaxial,compression,23,0.8641829988215001,-1419.5643918793196,-1742.0821239070908,-1201.0303397179891,4,5,"1,2,4,5",3
robust_summary,red,new york strip steak,2,24,1.0,0,uniaxial,compression,24,0.8662112666996876,-1398.9792771885045,-1716.573882715843,-1189.937469830054,4,5,"1,2,4,5",3
robust_summary,red,new york strip steak,2,24,1.0,0,uniaxial,compression,25,0.8682395345778751,-1378.394162514849,-1691.0656415245965,-1178.8445999421192,4,5,"1,2,4,5",3
robust_summary,red,new york strip steak,2,24,1.0,0,uniaxial,compression,26,0.8702678024560626,-1357.8090479905209,-1665.5574003333486,-1167.751730054184,4,5,"1,2,4,5",3
robust_summary,red,new york strip steak,2,24,1.0,0,uniaxial,compression,27,0.87229607033425,-1337.2239332812578,-1640.0491591421019,-1156.6588601662493,4,5,"1,2,4,5",3
robust_summary,red,new york strip steak,2,24,1.0,0,uniaxial,compression,28,0.8743243382124376,-1316.6388185960711,-1614.5409179508542,-1145.5659902783136,4,5,"1,2,4,5",3
robust_summary,red,new york strip steak,2,24,1.0,0,uniaxial,compression,29,0.876352606090625,-1296.053703926374,-1589.0326767596075,-1134.4731203903789,4,5,"1,2,4,5",3
robust_summary,red,new york strip steak,2,24,1.0,0,uniaxial,compression,30,0.8783808739688126,-1278.130920196407,-1565.824859372581,-1125.6408907861828,4,5,"1,2,4,5",3
robust_summary,red,new york strip steak,2,24,1.0,0,uniaxial,compression,31,0.8804091418470001,-1265.478956991502,-1549.0894397228485,-1117.8133088645284,4,5,"1,2,4,5",3
robust_summary,red,new york strip steak,2,24,1.0,0,uniaxial,compression,32,0.8824374097251876,-1252.826993786536,-1532.3540200731168,-1109.9857269428744,4,5,"1,2,4,5",3
robust_summary,red,new york strip steak,2,24,1.0,0,uniaxial,compression,33,0.884465677603375,-1240.175030581516,-1515.618600423385,-1102.1581450212202,4,5,"1,2,4,5",3
robust_summary,red,new york strip steak,2,24,1.0,0,uniaxial,compression,34,0.8864939454815626,-1227.523067376449,-1498.8831807736524,-1094.3305630995658,4,5,"1,2,4,5",3
robust_summary,red,new york strip steak,2,24,1.0,0,uniaxial,compression,35,0.8885222133597501,-1214.871104171342,-1482.1477611239197,-1086.5029811779111,4,5,"1,2,4,5",3
robust_summary,red,new york strip steak,2,24,1.0,0,uniaxial,compression,36,0.8905504812379376,-1202.2191409662023,-1465.4123414741882,-1078.675399256257,4,5,"1,2,4,5",3
robust_summary,red,new york strip steak,2,24,1.0,0,uniaxial,compression,37,0.8925787491161251,-1189.5671777610344,-1448.6769218244553,-1070.8478173346023,4,5,"1,2,4,5",3
robust_summary,red,new york strip steak,2,24,1.0,0,uniaxial,compression,38,0.8946070169943126,-1176.9152145558458,-1431.9415021747238,-1063.0202354129483,4,5,"1,2,4,5",3
robust_summary,red,new york strip steak,2,24,1.0,0,uniaxial,compression,39,0.8966352848725001,-1164.26325135064,-1415.2060825249912,-1055.1926534912936,4,5,"1,2,4,5",3
robust_summary,red,new york strip steak,2,24,1.0,0,uniaxial,compression,40,0.8986635527506875,-1150.989049118982,-1397.9702181202429,-1046.8998549012642,4,5,"1,2,4,5",3
robust_summary,red,new york strip steak,2,24,1.0,0,uniaxial,compression,41,0.9006918206288751,-1136.8184057174965,-1380.0039380699532,-1038.6634334600485,4,5,"1,2,4,5",3
robust_summary,red,new york strip steak,2,24,1.0,0,uniaxial,compression,42,0.9027200885070625,-1122.6477621935346,-1362.0376580196646,-1030.4270120188335,4,5,"1,2,4,5",3
robust_summary,red,new york strip steak,2,24,1.0,0,uniaxial,compression,43,0.9047483563852501,-1108.4771186708392,-1344.071377969375,-1022.190590577618,4,5,"1,2,4,5",3
robust_summary,red,new york strip steak,2,24,1.0,0,uniaxial,compression,44,0.9067766242634375,-1094.3064751501431,-1326.1050979190861,-1013.9541691364028,4,5,"1,2,4,5",3
robust_summary,red,new york strip steak,2,24,1.0,0,uniaxial,compression,45,0.9088048921416251,-1080.1358316317917,-1308.1388178687964,-1005.7177476951872,4,5,"1,2,4,5",3
robust_summary,red,new york strip steak,2,24,1.0,0,uniaxial,compression,46,0.9108331600198125,-1065.9651881158607,-1290.1725378185079,-997.4813262539722,4,5,"1,2,4,5",3
robust_summary,red,new york strip steak,2,24,1.0,0,uniaxial,compression,47,0.9128614278980001,-1051.7945446188476,-1272.2062577682182,-989.2449048127565,4,5,"1,2,4,5",3
robust_summary,red,new york strip steak,2,24,1.0,0,uniaxial,compression,48,0.9148896957761876,-1037.6239011326752,-1254.2399777179285,-981.0084833715409,4,5,"1,2,4,5",3
robust_summary,red,new york strip steak,2,24,1.0,0,uniaxial,compression,49,0.9169179636543751,-1023.4532575849892,-1236.2736976676397,-972.7720619303259,4,5,"1,2,4,5",3
robust_summary,red,new york strip steak,2,24,1.0,0,uniaxial,compression,50,0.9189462315325625,-1012.1270234419578,-1220.4952920273938,-965.2157088640113,4,5,"1,2,4,5",3
robust_summary,red,new york strip steak,2,24,1.0,0,uniaxial,compression,51,0.92097449941075,-1003.306398331,-1206.596464640196,-957.6243263609591,4,5,"1,2,4,5",3
robust_summary,red,new york strip steak,2,24,1.0,0,uniaxial,compression,52,0.9230027672889376,-994.4857732439082,-1192.6976372529982,-950.032943857907,4,5,"1,2,4,5",3
robust_summary,red,new york strip steak,2,24,1.0,0,uniaxial,compression,53,0.925031035167125,-985.6651481757486,-1178.798809865801,-942.4415613548553,4,5,"1,2,4,5",3
robust_summary,red,new york strip steak,2,24,1.0,0,uniaxial,compression,54,0.9270593030453126,-976.8445235339669,-1164.8999824786033,-934.8501788518032,4,5,"1,2,4,5",3
robust_summary,red,new york strip steak,2,24,1.0,0,uniaxial,compression,55,0.9290875709235,-968.0238984270036,-1151.0011550914064,-927.2587963487515,4,5,"1,2,4,5",3
robust_summary,red,new york strip steak,2,24,1.0,0,uniaxial,compression,56,0.9311158388016876,-959.2032733411102,-1137.1023277042086,-919.6674138456993,4,5,"1,2,4,5",3
robust_summary,red,new york strip steak,2,24,1.0,0,uniaxial,compression,57,0.933144106679875,-950.3826482722826,-1123.2035003170115,-912.0760313426476,4,5,"1,2,4,5",3
robust_summary,red,new york strip steak,2,24,1.0,0,uniaxial,compression,58,0.9351723745580626,-941.5620232173135,-1109.3046729298137,-904.4846488395955,4,5,"1,2,4,5",3
robust_summary,red,new york strip steak,2,24,1.0,0,uniaxial,compression,59,0.93720064243625,-932.7413981736328,-1095.4058455426168,-896.8932663365438,4,5,"1,2,4,5",3
robust_summary,red,new york strip steak,2,24,1.0,0,uniaxial,compression,60,0.9392289103144376,-921.1186602520864,-1083.2029816161212,-884.8364167097654,4,5,"1,2,4,5",3
robust_summary,red,new york strip steak,2,24,1.0,0,uniaxial,compression,61,0.941257178192625,-907.5923492904327,-1070.6296723967546,-870.5856903635122,4,5,"1,2,4,5",3
robust_summary,red,new york strip steak,2,24,1.0,0,uniaxial,compression,62,0.9432854460708125,-894.0660383309435,-1058.0563631773873,-856.334964017258,4,5,"1,2,4,5",3
robust_summary,red,new york strip steak,2,24,1.0,0,uniaxial,compression,63,0.945313713949,-880.5397273739005,-1045.4830539580207,-842.0842376710048,4,5,"1,2,4,5",3
robust_summary,red,new york strip steak,2,24,1.0,0,uniaxial,compression,64,0.9473419818271875,-867.0134164196963,-1032.9097447386532,-827.8335113247506,4,5,"1,2,4,5",3
robust_summary,red,new york strip steak,2,24,1.0,0,uniaxial,compression,65,0.9493702497053751,-853.4871054688832,-1020.3364355192859,-813.5827849784964,4,5,"1,2,4,5",3
robust_summary,red,new york strip steak,2,24,1.0,0,uniaxial,compression,66,0.9513985175835625,-839.9607945222406,-1007.7631262999193,-799.3320586322432,4,5,"1,2,4,5",3
robust_summary,red,new york strip steak,2,24,1.0,0,uniaxial,compression,67,0.95342678546175,-826.4344835808793,-995.1898170805528,-785.0813322859898,4,5,"1,2,4,5",3
robust_summary,red,new york strip steak,2,24,1.0,0,uniaxial,compression,68,0.9554550533399375,-812.9081726464104,-982.6165078611855,-770.8306059397356,4,5,"1,2,4,5",3
robust_summary,red,new york strip steak,2,24,1.0,0,uniaxial,compression,69,0.9574833212181251,-799.3818617212161,-970.0431986418181,-756.5798795934816,4,5,"1,2,4,5",3
robust_summary,red,new york strip steak,2,24,1.0,0,uniaxial,compression,70,0.9595115890963125,-785.923721680872,-954.5054899853938,-741.647154504984,4,5,"1,2,4,5",3
robust_summary,red,new york strip steak,2,24,1.0,0,uniaxial,compression,71,0.9615398569745001,-772.6853111888266,-936.8417628668233,-726.8194401291569,4,5,"1,2,4,5",3
robust_summary,red,new york strip steak,2,24,1.0,0,uniaxial,compression,72,0.9635681248526875,-759.4469007166293,-919.1780357482536,-711.9917257533305,4,5,"1,2,4,5",3
robust_summary,red,new york strip steak,2,24,1.0,0,uniaxial,compression,73,0.965596392730875,-746.2084902704136,-901.514308629683,-697.1640113775034,4,5,"1,2,4,5",3
robust_summary,red,new york strip steak,2,24,1.0,0,uniaxial,compression,74,0.9676246606090625,-732.9700793397593,-883.8505815111133,-682.3362970016769,4,5,"1,2,4,5",3
robust_summary,red,new york strip steak,2,24,1.0,0,uniaxial,compression,75,0.96965292848725,-719.731668861784,-866.1868543925427,-667.5085826258497,4,5,"1,2,4,5",3
robust_summary,red,new york strip steak,2,24,1.0,0,uniaxial,compression,76,0.9716811963654375,-706.4932584147997,-848.5231272739732,-652.6808682500234,4,5,"1,2,4,5",3
robust_summary,red,new york strip steak,2,24,1.0,0,uniaxial,compression,77,0.973709464243625,-693.2957349799598,-830.8594001554026,-637.8531538741963,4,5,"1,2,4,5",3
robust_summary,red,new york strip steak,2,24,1.0,0,uniaxial,compression,78,0.9757377321218126,-680.1272855226607,-813.195673036832,-623.025439498369,4,5,"1,2,4,5",3
robust_summary,red,new york strip steak,2,24,1.0,0,uniaxial,compression,79,0.977766,-666.9588361162473,-795.5319459182623,-608.1977251225427,4,5,"1,2,4,5",3
robust_summary,red,new york strip steak,3,48,2.0,0,uniaxial,compression,0,0.8176524417312876,-2239.3024736105945,-2408.1964725428943,-2199.3826743874624,3,5,"2,4,5","1,3"
robust_summary,red,new york strip steak,3,48,2.0,0,uniaxial,compression,1,0.8196770751857781,-2222.3329352193136,-2390.334594000631,-2179.49173493965,3,5,"2,4,5","1,3"
robust_summary,red,new york strip steak,3,48,2.0,0,uniaxial,compression,2,0.8217017086402686,-2205.363396812009,-2372.472715458368,-2159.6007954918396,3,5,"2,4,5","1,3"
robust_summary,red,new york strip steak,3,48,2.0,0,uniaxial,compression,3,0.8237263420947591,-2188.393858507598,-2354.6108369161047,-2139.709856044027,3,5,"2,4,5","1,3"
robust_summary,red,new york strip steak,3,48,2.0,0,uniaxial,compression,4,0.8257509755492497,-2171.424320123562,-2336.7489583738407,-2119.8189165962153,3,5,"2,4,5","1,3"
robust_summary,red,new york strip steak,3,48,2.0,0,uniaxial,compression,5,0.8277756090037401,-2154.4547817300995,-2318.8870798315784,-2099.9279771484044,3,5,"2,4,5","1,3"
robust_summary,red,new york strip steak,3,48,2.0,0,uniaxial,compression,6,0.8298002424582307,-2137.485243322287,-2301.0252012893143,-2080.037037700592,3,5,"2,4,5","1,3"
robust_summary,red,new york strip steak,3,48,2.0,0,uniaxial,compression,7,0.8318248759127213,-2120.5157048931765,-2283.163322747051,-2060.14609825278,3,5,"2,4,5","1,3"
robust_summary,red,new york strip steak,3,48,2.0,0,uniaxial,compression,8,0.8338495093672118,-2103.5461666397,-2265.3014442047875,-2040.255158804968,3,5,"2,4,5","1,3"
robust_summary,red,new york strip steak,3,48,2.0,0,uniaxial,compression,9,0.8358741428217022,-2086.5766282462832,-2247.4395656625247,-2020.364219357157,3,5,"2,4,5","1,3"
robust_summary,red,new york strip steak,3,48,2.0,0,uniaxial,compression,10,0.8378987762761928,-2066.033223426201,-2226.238830451624,-1999.6424068124293,3,5,"2,4,5","1,3"
robust_summary,red,new york strip steak,3,48,2.0,0,uniaxial,compression,11,0.8399234097306834,-2038.0339937072404,-2200.266590243446,-1979.940298305154,3,5,"2,4,5","1,3"
robust_summary,red,new york strip steak,3,48,2.0,0,uniaxial,compression,12,0.8419480431851738,-2010.0347641210042,-2174.2943500352694,-1960.2381897978798,3,5,"2,4,5","1,3"
robust_summary,red,new york strip steak,3,48,2.0,0,uniaxial,compression,13,0.8439726766396644,-1982.0355344350223,-2148.322109827092,-1940.5360812906047,3,5,"2,4,5","1,3"
robust_summary,red,new york strip steak,3,48,2.0,0,uniaxial,compression,14,0.8459973100941549,-1954.0363047451062,-2122.349869618914,-1920.8339727833295,3,5,"2,4,5","1,3"
robust_summary,red,new york strip steak,3,48,2.0,0,uniaxial,compression,15,0.8480219435486454,-1926.0370750559553,-2096.3776294107374,-1901.1318642760555,3,5,"2,4,5","1,3"
robust_summary,red,new york strip steak,3,48,2.0,0,uniaxial,compression,16,0.8500465770031359,-1898.0378454486402,-2070.40538920256,-1881.4297557687805,3,5,"2,4,5","1,3"
robust_summary,red,new york strip steak,3,48,2.0,0,uniaxial,compression,17,0.8520712104576265,-1870.0386157775893,-2044.4331489943825,-1861.7276472615054,3,5,"2,4,5","1,3"
robust_summary,red,new york strip steak,3,48,2.0,0,uniaxial,compression,18,0.8540958439121169,-1842.0393861045727,-2018.460908786206,-1842.025538754231,3,5,"2,4,5","1,3"
robust_summary,red,new york strip steak,3,48,2.0,0,uniaxial,compression,19,0.8561204773666075,-1831.3689930499918,-1997.6745955929443,-1822.323430246956,3,5,"2,4,5","1,3"
robust_summary,red,new york strip steak,3,48,2.0,0,uniaxial,compression,20,0.858145110821098,-1817.4546438651262,-1978.0636529338017,-1804.6505349174436,3,5,"2,4,5","1,3"
robust_summary,red,new york strip steak,3,48,2.0,0,uniaxial,compression,21,0.8601697442755886,-1797.6466104688952,-1959.6676855282888,-1787.5812133082964,3,5,"2,4,5","1,3"
robust_summary,red,new york strip steak,3,48,2.0,0,uniaxial,compression,22,0.862194377730079,-1777.8385770530454,-1941.2717181227772,-1770.51189169915,3,5,"2,4,5","1,3"
robust_summary,red,new york strip steak,3,48,2.0,0,uniaxial,compression,23,0.8642190111845696,-1758.0305436584201,-1922.8757507172645,-1753.4425700900028,3,5,"2,4,5","1,3"
robust_summary,red,new york strip steak,3,48,2.0,0,uniaxial,compression,24,0.8662436446390601,-1738.2225102525417,-1904.4797833117518,-1736.3732484808559,3,5,"2,4,5","1,3"
robust_summary,red,new york strip steak,3,48,2.0,0,uniaxial,compression,25,0.8682682780935506,-1720.1184210340523,-1886.593748014472,-1719.3039268717096,3,5,"2,4,5","1,3"
robust_summary,red,new york strip steak,3,48,2.0,0,uniaxial,compression,26,0.8702929115480411,-1705.5570141016128,-1869.7679161329916,-1702.2346052625624,3,5,"2,4,5","1,3"
robust_summary,red,new york strip steak,3,48,2.0,0,uniaxial,compression,27,0.8723175450025317,-1690.9956071649485,-1852.9420842515108,-1685.1652836534151,3,5,"2,4,5","1,3"
robust_summary,red,new york strip steak,3,48,2.0,0,uniaxial,compression,28,0.8743421784570222,-1676.434200236137,-1836.1162523700305,-1668.0959620442682,3,5,"2,4,5","1,3"
robust_summary,red,new york strip steak,3,48,2.0,0,uniaxial,compression,29,0.8763668119115127,-1661.872793298284,-1819.2904204885508,-1651.0266404351219,3,5,"2,4,5","1,3"
robust_summary,red,new york strip steak,3,48,2.0,0,uniaxial,compression,30,0.8783914453660032,-1644.7419878637181,-1799.6493511016124,-1633.974425093226,3,5,"2,4,5","1,3"
robust_summary,red,new york strip steak,3,48,2.0,0,uniaxial,compression,31,0.8804160788204938,-1625.3565075680237,-1777.1518835680681,-1617.7650399128884,3,5,"2,4,5","1,3"
robust_summary,red,new york strip steak,3,48,2.0,0,uniaxial,compression,32,0.8824407122749842,-1605.9710272655814,-1754.6544160345252,-1601.5556547325518,3,5,"2,4,5","1,3"
robust_summary,red,new york strip steak,3,48,2.0,0,uniaxial,compression,33,0.8844653457294748,-1586.5855469649039,-1732.1569485009813,-1585.3462695522144,3,5,"2,4,5","1,3"
robust_summary,red,new york strip steak,3,48,2.0,0,uniaxial,compression,34,0.8864899791839653,-1571.251942571414,-1710.8720685869334,-1569.136884371877,3,5,"2,4,5","1,3"
robust_summary,red,new york strip steak,3,48,2.0,0,uniaxial,compression,35,0.8885146126384558,-1558.510940604395,-1690.3630657424042,-1552.9274991915404,3,5,"2,4,5","1,3"
robust_summary,red,new york strip steak,3,48,2.0,0,uniaxial,compression,36,0.8905392460929463,-1545.769938643861,-1669.854062897874,-1536.718114011203,3,5,"2,4,5","1,3"
robust_summary,red,new york strip steak,3,48,2.0,0,uniaxial,compression,37,0.8925638795474369,-1533.0289366835539,-1649.3450600533438,-1520.5087288308653,3,5,"2,4,5","1,3"
robust_summary,red,new york strip steak,3,48,2.0,0,uniaxial,compression,38,0.8945885130019273,-1520.2879346950438,-1628.836057208815,-1504.2993436505287,3,5,"2,4,5","1,3"
robust_summary,red,new york strip steak,3,48,2.0,0,uniaxial,compression,39,0.8966131464564179,-1507.5469327461738,-1608.3270543642848,-1488.0899584701913,3,5,"2,4,5","1,3"
robust_summary,red,new york strip steak,3,48,2.0,0,uniaxial,compression,40,0.8986377799109084,-1492.473168594077,-1588.8410446494775,-1473.4337782783412,3,5,"2,4,5","1,3"
robust_summary,red,new york strip steak,3,48,2.0,0,uniaxial,compression,41,0.9006624133653989,-1474.1608550341684,-1570.9151522335528,-1459.4145190852014,3,5,"2,4,5","1,3"
robust_summary,red,new york strip steak,3,48,2.0,0,uniaxial,compression,42,0.9026870468198894,-1455.8485415204652,-1552.989259817627,-1445.3952598920605,3,5,"2,4,5","1,3"
robust_summary,red,new york strip steak,3,48,2.0,0,uniaxial,compression,43,0.90471168027438,-1437.5362279769465,-1535.0633674017013,-1431.37600069892,3,5,"2,4,5","1,3"
robust_summary,red,new york strip steak,3,48,2.0,0,uniaxial,compression,44,0.9067363137288705,-1419.2239144287166,-1517.1374749857755,-1417.3567415057794,3,5,"2,4,5","1,3"
robust_summary,red,new york strip steak,3,48,2.0,0,uniaxial,compression,45,0.908760947183361,-1405.5589295025084,-1500.602368779645,-1403.3374823126396,3,5,"2,4,5","1,3"
robust_summary,red,new york strip steak,3,48,2.0,0,uniaxial,compression,46,0.9107855806378515,-1395.4709397548313,-1485.1377346645897,-1389.318223119499,3,5,"2,4,5","1,3"
robust_summary,red,new york strip steak,3,48,2.0,0,uniaxial,compression,47,0.9128102140923421,-1385.3829500064137,-1469.6731005495344,-1375.2989639263583,3,5,"2,4,5","1,3"
robust_summary,red,new york strip steak,3,48,2.0,0,uniaxial,compression,48,0.9148348475468325,-1375.2949602591248,-1454.2084664344802,-1361.2797047332183,3,5,"2,4,5","1,3"
robust_summary,red,new york strip steak,3,48,2.0,0,uniaxial,compression,49,0.9168594810013231,-1365.2069705120462,-1438.7438323194249,-1347.2604455400779,3,5,"2,4,5","1,3"
robust_summary,red,new york strip steak,3,48,2.0,0,uniaxial,compression,50,0.9188841144558136,-1348.523069525104,-1418.8409542253994,-1331.4990582222636,3,5,"2,4,5","1,3"
robust_summary,red,new york strip steak,3,48,2.0,0,uniaxial,compression,51,0.9209087479103042,-1328.2801945823103,-1395.8504318816083,-1315.4674964174214,3,5,"2,4,5","1,3"
robust_summary,red,new york strip steak,3,48,2.0,0,uniaxial,compression,52,0.9229333813647946,-1308.0373195447746,-1372.859909537818,-1299.4359346125798,3,5,"2,4,5","1,3"
robust_summary,red,new york strip steak,3,48,2.0,0,uniaxial,compression,53,0.9249580148192852,-1287.7944445142907,-1349.8693871940268,-1283.4043728077374,3,5,"2,4,5","1,3"
robust_summary,red,new york strip steak,3,48,2.0,0,uniaxial,compression,54,0.9269826482737757,-1267.5515694767696,-1326.8788648502355,-1267.372811002895,3,5,"2,4,5","1,3"
robust_summary,red,new york strip steak,3,48,2.0,0,uniaxial,compression,55,0.9290072817282662,-1255.7449098893333,-1306.413012720267,-1251.3412491980534,3,5,"2,4,5","1,3"
robust_summary,red,new york strip steak,3,48,2.0,0,uniaxial,compression,56,0.9310319151827567,-1244.3122179434042,-1286.0590762918366,-1235.3096873932113,3,5,"2,4,5","1,3"
robust_summary,red,new york strip steak,3,48,2.0,0,uniaxial,compression,57,0.9330565486372473,-1232.8795259811839,-1265.7051398634062,-1219.2781255883688,3,5,"2,4,5","1,3"
robust_summary,red,new york strip steak,3,48,2.0,0,uniaxial,compression,58,0.9350811820917377,-1221.4468338508075,-1245.3512034349772,-1203.2465637835276,3,5,"2,4,5","1,3"
robust_summary,red,new york strip steak,3,48,2.0,0,uniaxial,compression,59,0.9371058155462283,-1210.0141416528486,-1224.9972670065467,-1187.215001978685,3,5,"2,4,5","1,3"
robust_summary,red,new york strip steak,3,48,2.0,0,uniaxial,compression,60,0.9391304490007188,-1193.1733822882009,-1206.885583420734,-1172.6551720175962,3,5,"2,4,5","1,3"
robust_summary,red,new york strip steak,3,48,2.0,0,uniaxial,compression,61,0.9411550824552093,-1177.2516631491371,-1189.7925104133383,-1158.0658147320157,3,5,"2,4,5","1,3"
robust_summary,red,new york strip steak,3,48,2.0,0,uniaxial,compression,62,0.9431797159096998,-1160.6266862995437,-1172.6994374059418,-1143.4764574464343,3,5,"2,4,5","1,3"
robust_summary,red,new york strip steak,3,48,2.0,0,uniaxial,compression,63,0.9452043493641904,-1143.4598511431172,-1155.606364398545,-1128.8871001608527,3,5,"2,4,5","1,3"
robust_summary,red,new york strip steak,3,48,2.0,0,uniaxial,compression,64,0.9472289828186808,-1126.293015778412,-1138.5132913911493,-1114.297742875272,3,5,"2,4,5","1,3"
robust_summary,red,new york strip steak,3,48,2.0,0,uniaxial,compression,65,0.9492536162731714,-1109.1261807054402,-1121.4202183837529,-1099.7083855896908,3,5,"2,4,5","1,3"
robust_summary,red,new york strip steak,3,48,2.0,0,uniaxial,compression,66,0.951278249727662,-1091.9593454285612,-1104.3271453763562,-1085.1190283041092,3,5,"2,4,5","1,3"
robust_summary,red,new york strip steak,3,48,2.0,0,uniaxial,compression,67,0.9533028831821524,-1074.7925103540597,-1087.2340723689604,-1070.5296710185285,3,5,"2,4,5","1,3"
robust_summary,red,new york strip steak,3,48,2.0,0,uniaxial,compression,68,0.955327516636643,-1057.6256751178048,-1070.140999361564,-1055.940313732947,3,5,"2,4,5","1,3"
robust_summary,red,new york strip steak,3,48,2.0,0,uniaxial,compression,69,0.9573521500911335,-1042.1678923841584,-1053.5593872002917,-1041.3509564473657,3,5,"2,4,5","1,3"
robust_summary,red,new york strip steak,3,48,2.0,0,uniaxial,compression,70,0.9593767835456241,-1024.9297522693994,-1029.2629874872553,-1019.4529740492019,3,5,"2,4,5","1,3"
robust_summary,red,new york strip steak,3,48,2.0,0,uniaxial,compression,71,0.9614014170001145,-998.1531474858705,-1003.4665613918576,-990.8194601076509,3,5,"2,4,5","1,3"
robust_summary,red,new york strip steak,3,48,2.0,0,uniaxial,compression,72,0.963426050454605,-969.2969869850265,-977.6701352964585,-957.3402435318095,3,5,"2,4,5","1,3"
robust_summary,red,new york strip steak,3,48,2.0,0,uniaxial,compression,73,0.9654506839090956,-933.8098397076045,-951.8737092010595,-923.8610269559681,3,5,"2,4,5","1,3"
robust_summary,red,new york strip steak,3,48,2.0,0,uniaxial,compression,74,0.9674753173635862,-898.1852641419782,-926.0772831056605,-890.3818103801266,3,5,"2,4,5","1,3"
robust_summary,red,new york strip steak,3,48,2.0,0,uniaxial,compression,75,0.9694999508180766,-862.5606884848291,-900.2808570102629,-856.9025938042869,3,5,"2,4,5","1,3"
robust_summary,red,new york strip steak,3,48,2.0,0,uniaxial,compression,76,0.9715245842725672,-826.9361127762734,-874.4844309148639,-823.4233772284456,3,5,"2,4,5","1,3"
robust_summary,red,new york strip steak,3,48,2.0,0,uniaxial,compression,77,0.9735492177270577,-791.3115370531258,-848.6880048194648,-789.9441606526041,3,5,"2,4,5","1,3"
robust_summary,red,new york strip steak,3,48,2.0,0,uniaxial,compression,78,0.9755738511815482,-757.1573929716585,-823.3573750079074,-756.4649440767644,3,5,"2,4,5","1,3"
robust_summary,red,new york strip steak,3,48,2.0,0,uniaxial,compression,79,0.9775984846360387,-725.5876680902533,-798.8454251277451,-722.985727500923,3,5,"2,4,5","1,3"
